"","x"
"1","2019/09/20
第002號

吉里巴斯共和國政府本（20）日正式通知我方，與我國斷絕外交關係。對吉國政府不顧多年來中華民國（臺灣）政府的多方協助與情誼，我方至感遺憾並予強力譴責。政府也宣布，自即日起中止與吉里巴斯共和國的外交關係，全面停止雙邊合作計畫，並立即撤離大使館、技術團及衛生中心人員。我方也要求吉國立即撤離其政府駐臺人員。

吉里巴斯馬茂總統及執政黨部份人士一直對中國存有幻想，馬茂總統於2016年上臺後仍與中國有經常性互動。近來，中國政府也藉由漁業公司或以其他商業投資為藉口，長駐吉國，滲透吉國政界並擴展其影響力。近期馬茂總統更曾向我索求高額贈款以購買民航客機，我雖願協助吉國發展嘉惠人民的民生建設，但由於援贈營利用途的商用民航機並不符合我「國際合作發展法」的立法精神，政府在考量我國的財政能力後，建議以優惠商業貸款方式協助，但不為吉方接受。我方情資顯示，中國政府已承諾提供贈款供吉國採購多架民航機與商用渡輪等，誘使吉國外交轉向。

中國政府接續策動我國友邦與我斷交，最主要目的，就是藉打壓並限縮臺灣國際空間，逼迫臺灣人民接受「一國兩制」，接受中國為臺灣在國際上的宗主國，最終完全消滅臺灣主權。但絕大多數臺灣人民已經明確表達，我們絕不接受「一國兩制」，政府會更加堅定國家主權立場，我們不會在中國政府外交攻勢下，在主權立場上有任何退讓。政府再次強調，中國一再打壓我國際空間，並不會改變臺灣存在的事實，也無法嚇阻臺灣人民堅持追求民主自由的生活方式。政府除了努力維繫與其他邦交國的關係，也會持續開拓與友好民主國家的關係，並且以有意義貢獻的方式，在國際社會上爭取更多的友誼與支持。

我們再次強調，中華民國（臺灣）是一個民主的主權獨立國家，臺灣人民以自由選擇自己的國家元首和國會的方式來彰顯主權地位，臺灣不是中華人民共和國的一省，中華人民共和國政府也從未在臺灣統治過任何一天，這客觀明確的事實，不因中國對臺灣的霸凌而改變。相反的，中國政府在國際上壓迫臺灣，只會堅定臺灣人民的主權意志，臺灣人民絕不會向中國政府低頭。

中國政府藉由外交事件製造臺灣國內輿論、影響我國總統及立委選舉、破壞我國民主程序的意圖極為明確。對中國政府這種做法，我們呼籲所有民主國家，共同表達嚴厲譴責，並認清中國威權政府的目標，就是要摧毀民主體制，一步步擴張威權主義。臺灣位在民主國家最前線，我們會堅定守住這道民主防線，鞏固我們的民主體制，不會讓中國操弄我們的選舉結果，也不會讓中國決定臺灣人民的前途。（E）"
"2","2019/09/16
第001號聲明

索羅門群島政府本(9月16)日在內閣會議中通過決議，轉與中華人民共和國建立外交關係。中華民國（臺灣）政府對此一決定至為遺憾並予強力譴責。政府並宣布，自即日起中止與索羅門群島的外交關係，全面停止雙邊合作計畫，立即撤離我大使館、技術團及臺灣衛生中心人員。我方並要求索羅門也立即撤離其政府駐臺人員。

索國蘇嘉瓦瑞總理於本（2019）年4月執政後，對外宣稱將基於國家整體利益以及合法透明等原則，重新檢視包括臺索邦誼在內的對外關係，也公開說明，將參考四份政府機關報告以及向公民團體廣徵民意後作出決定。在本年8月，蘇嘉瓦瑞總理與外交部吳釗燮部長進行雙邊會談時，也重申此一立場。但蘇嘉瓦瑞總理及索國內閣最後只依據一份由立場偏頗的「跨黨派小組」所提，內容造假不實的報告，就作出重大外交決議，違背自己的公開承諾，也完全罔顧臺索兩國36年來豐碩合作成果。相信多數索國人民難以接受這種毫無誠信可言的決策。

中國政府再次透過金錢外交手段，承諾華而不實的鉅額援助，收買少數政客，並讓索國政府趕在中國國慶前通過決議與我斷交，目的就是在打擊臺灣，傷害臺灣人民，一點一滴壓縮、消滅臺灣主權。中國政府這次更刻意在我總統及立法委員大選前進行攻擊，影響我國選舉的企圖昭然若揭。對於中國政府這種打擊臺灣的行徑，政府予以強力譴責，並呼籲臺灣人民：堅持主權，堅持自由民主理念，堅持走向國際，並堅持作為世界良善力量。

臺灣在國際上從未因一次的挫折而低頭，也不會因一次的打擊而潰敗。我們會越挫越勇，讓國際社會更加認清，相對於威權擴張主義者，位於民主最前線的臺灣，會屹立不搖的作爲全球的模範生。

政府也鄭重呼籲國際社會，認清中國威權主義還在擴張中，對外輸出債務陷阱沒有減緩，在印太區域攻城略地的戰略行動也還一波波。所有共享自由民主價值的國家已經沒有選擇，只有團結攜手，為維護印太區域的自由開放和穩定繁榮，及捍衛民主人權價值而努力。(E)
 "
"3","107/12/21
第006號聲明

一、對於日本關西燕子颱風風災所衍生的事件，以及蘇處長的離開，外交部與國人同樣悲痛、遺憾。對於蘇處長家屬的心情及表達，外交部充分理解並表尊重，也呼籲外界停止炒作或對相關訊息進行臆測，希望社會各界還給家屬一個平靜的空間。

二、有關媒體報導外交部原定對蘇處長進行懲處、調職，甚至評定駐處同仁考績丙等各節，外交部鄭重聲明，絕非事實。

三、在關西機場事件後，外交部立即針對強化急難救助機制召開系列會議並進行改革，確認急難救助範圍，防止急難救助機制的濫用，以保障同仁與國人權益，並確保悲劇不致再度發生。(E)"
"4","107/08/21
第005號聲明

本(8月21)日上午經確認所有外交途徑無效之後，中華民國外交部正式宣布自即(21)日起終止我國與薩爾瓦多外交關係，並全面停止雙邊合作及援助計畫，以及撤離我駐薩大使館及技術團。

薩爾瓦多政府自上(106)年起，不斷向我方需索大量資金，援助薩國東部「聯合港」(Port La Union）開發案。在我國政府派遣專業工程團隊評估後認為，該開發案可能導致我國及薩爾瓦多政府陷入高度的債務風險，並未予以同意。身為負責任的政府，臺灣一如許多理念相近國家，無法承諾協助薩國政府開發該聯合港案。

此外，薩爾瓦多已經進入總統選舉期間，預計明(108)年2月間舉行大選。該國執政黨在民調大幅落後的情況下，也期盼我方挹注薩國選舉經費。此一做法嚴重違背我國民主原則，我政府自然未予同意。

外交部強調，凡是有助增進兩國福祉的各項合作計畫，包括教育、農業及基礎建設等方面的合作，我國均樂於考量評估，但是對於金援外交，或是與中國進行金錢競逐，甚至是違法的政治獻金，均是不負責任的做法，我國政府不願意，也不可能進行。

在我外交工作遭中國一再打壓的情況下，外交部鄭重呼籲全體國人團結一致。中國的蠻橫作為絕不是一個負責任國家應有的舉動，對兩岸關係也將造成嚴重的負面影響。外交部強調，中國對臺灣的打壓從來沒有停止過，臺灣是一個民主、自由的國家，臺灣會繼續堅持往前走。中國無理的打壓只會讓我國在民主、自由及主權的道路上走得更堅定。(E)"
"5","107/05/26
第004號聲明

對於布吉納法索政府惑於中國金錢外交攻勢，罔顧24年來我方為布國國家安全、社會安定、經濟發展及人民福祉的重大貢獻，於本(107)年5月26日與中國在北京簽署恢復外交關係聯合公報，中華民國政府表達強烈失望、遺憾與憤怒。

中華民國做為一個主權獨立國家的事實，絕非布吉納法索與中國復交公報所謂「一中原則」所能片面否定，我國作為負責任的國際合作夥伴，仍將全力深化鞏固與友邦的緊密合作情誼。

外交部及所有駐外館處當持續提高警覺，密注嚴防中國壓縮我國國際空間的作為，全力捍衛國家尊嚴及全民利益。我政府維護國家生存發展的強烈信念與堅定決心，絕不因中國打壓而有絲毫動搖，並將繼續增進與友邦關係，以及理念相近國家在經濟與安全等層面建立實質夥伴關係，爭取國際社會的認同與支持。（E）"
"6","2018/05/24
第003號聲明

布吉納法索政府本（2018）年5月24日片面宣布與臺灣斷絕外交關係。為維護國家主權獨立與尊嚴，政府決定自即日起終止與布吉納法索的外交關係，全面停止雙邊合作及援助計畫，並撤離大使館、醫療團及技術合作人員。

中國繼2016年12月利誘我非洲友邦聖多美普林西比後，再度脅迫布吉納法索與我斷絕長達24年的外交關係，我政府至感憤怒及遺憾。（E）"
"7","2018/05/08
第002號聲明

外交部誠摯感謝友邦、美國等理念相近國家、國內外各界重要人士及國際醫衛團體，以各種具體行動表達支持臺灣參與第71屆「世界衛生大會」（WHA），籲請「世界衛生組織」（WHO）邀我與會。

「世界衛生組織」邀請我國參與「世界衛生大會」，不僅符合其憲章宗旨及普世人權價值，也可使臺灣與「世界衛生組織」及世界各國，齊心推動「全民健康覆蓋」(Universal Health Coverage)，共同達成提升全人類健康水準的核心目標。

健康是基本人權，也是普世價值，不因種族、宗教、政治信仰、經濟或社會情境而有所分別。此一普世健康人權價值明載於「世界衛生組織」憲章，並構成邀我參與「世界衛生大會」，以及我平等參與世衛組織各項會議、活動及機制的基礎。

外交部籲促「世界衛生組織」正視臺灣長期以來與世衛組織會員國建立的醫衛夥伴關係，對全球公共衛生安全與健康人權做出的具體貢獻，以及臺灣為全球防疫體系重要的一環。

外交部重申，只有在臺灣的民選政府才能代表臺灣人民，並為臺灣2,300萬人民的健康醫療負責。中華民國政府鄭重呼籲，「世界衛生組織」及相關各方基於維護全球健康人權及防疫無缺口，以包容性的態度，接納臺灣參與本屆「世界衛生大會」及「世界衛生組織」各項會議、機制與活動，創造各方皆贏的局面。（E）"
"8","2018/05/01
第001號聲明

中華民國外交部鄭重聲明：中國繼去（2017）年6月挖走我中美洲友邦巴拿馬後，再度以鉅額金援誘迫我友邦多明尼加共和國片面斷絕與臺灣長達77年之外交關係，多中雙方並決定自本（2018）年5月1日起建交，我政府至感遺憾。為維護國家主權獨立與尊嚴，政府決定自即日起終止與多明尼加共和國之外交關係，全面停止雙邊合作及援助計畫，並撤離大使館及技術團人員。

多國梅迪納政府昧於中國不實之鉅額投資與援助承諾，罔顧兩國友好關係、多國人民的期待，以及臺灣多年來協助多國國家發展之情誼，自2016年底起兩度與中國進行建交談判，期間雙方互動密切，被我列為邦交不穩的國家，並予以密切掌握。我政府為展現對兩國邦誼之珍視，由本部李前部長大維於2017年7月訪多以期鞏固邦誼，之後本部劉次長德立於同年8月與10月兩度前往多國懇談，雙方並於本年2月簽署合作瞭解備忘錄。惟近幾週以來，本部仍察覺雙邊關係依舊停滯，即進入高度警戒狀態。

臺灣與多明尼加共和國自1941年建交以來，與歷任多國政府攜手推動合作計畫，成果豐碩。其中包括有「多明尼加稻米之父」之稱的已故我技術團謝英鐸團長，提升多明尼加為食米出口國之稻米增產計畫，推動興建有加勒比海矽谷美名的多京科技園區，改善多國治安振興觀光之911勤務中心計畫，興建特殊兒童整合照顧中心協助貧窮家庭等，以上計畫廣受多國人民的支持與肯定。

外交部正告中國當局，其動輒以鉅額金援等金錢外交之手段挖我國邦交國之舉措，以及其他打擊臺灣國際參與之粗暴行徑，我國深感不齒並予強烈譴責。北京在外交上的蠻橫作為，只會疏離兩岸關係，侵蝕雙方互信基礎，嚴重傷害台灣人民感情。

我政府亦提醒國際社會，中國慣以不實的承諾欺騙我邦交國建交，之後卻未誠實履行，如在哥斯大黎加並未履行所承諾之10億美元煉油廠及4億美元的公路工程；近者與聖多美普林西比2016年12月建交迄今，所承諾之1億4千萬美元贈款毫無下文，機場擴建及深水港工程亦迄無動工的具體時間表。此外美國政府近期指出，北京透過鼓勵不透明的契約、掠奪性的貸款操作，以及行賄等作為，陷受援國於債務的泥沼，並削弱其主權，長期將無法永續成長。發展中國家與中國交往應注意其「以債養債的陷阱」(debt trap)，切勿得不償失。

雖然在外交上之挑戰嚴峻，我政府絕不會在北京壓力下低頭，將更積極聯合世界上友我國家共同努力奮鬥，堅定地維護區域和平穩定，並爭取台灣應有之國際地位，外交部同仁亦將為維護國家尊嚴及利益而努力。（E）"
"9","2017/06/13
第001號聲明

中華民國外交部茲鄭重聲明：巴拿馬共和國本（106）年本（6）月13日決定片面終止與我國外交關係並與北京當局建交，中華民國政府至表憤怒與遺憾。為維護國家主權及尊嚴，我國決定自即日起終止與巴拿馬共和國的外交關係，全面停止雙邊合作及援助，撤離大使館及技術團人員。

我國與巴拿馬共和國邦誼超過一世紀，瓦雷拉總統政府罔顧兩國人民多年休戚與共的情誼，無視臺灣長期協助巴國在不同領域推動合作助其國家整體發展，竟為經濟利益而屈服於北京當局，執意外交轉向，並以極不友好之做法，欺蒙中華民國政府至最後一刻。為此，我政府表達強烈不滿與憤慨，並重申不會與北京當局從事金錢外交之競逐。

我政府同時對北京當局誘迫巴拿馬與我斷交，打壓我外交空間，傷害台灣人民情感之做法，表達嚴正抗議及強烈譴責。中華民國立足於國際社會，仍將堅持維護區域和平穩定的決心不會改變，持續推動「踏實外交」拓展國際生存空間，爭取我國應有之國際地位。外交部同仁亦當不畏挑戰，愈挫愈奮，以堅定之決心，維護國家利益及人民福祉。（E）"
"10","2016/12/26
第004號

聖多美普林西比及中國大陸本（105）年12月26日在北京簽署恢復外交關係聯合公報， 中華民國政府嚴正聲明如下：

聖多美普林西比民主共和國為龐大財政需求因素，且中國大陸為操弄所謂「一中原則」，以要求聖國承諾不與中華民國維持任何官方關係為條件，同意「全面支持與幫助」聖國經社發展及民生需要，雙方於12月26日在北京簽署恢復外交關係聯合公報。對於聖國政府惑於中國大陸金錢外交攻勢，罔顧多年來我方為聖國人民衛生福祉的重大貢獻，中華民國政府表示強烈失望與遺憾。

中華民國做為一個主權獨立國家的事實，絕非聖多美普林西比與中國大陸復交公報所謂一中原則所能片面否定。我國做為負責任的國際合作夥伴，仍將全力深化鞏固與友邦之緊密合作情誼。

外交部及所有駐外館處當持續提高警覺，密注嚴防中國大陸壓縮我國國際空間之作為，捍衛國家尊嚴及全民利益。政府維護國家生存發展之信念與決心，絕不會因外力打壓而有絲毫動搖。（E）"
"11","2016/12/21
第003號

中華民國外交部茲鄭重聲明：聖多美普林西比民主共和國本（105）年12月21日決定終止與我國外交關係，我國至表遺憾。基於維護國家尊嚴，我國決定自即日起終止與聖多美普林西比民主共和國之外交關係，並撤離大使館、技術團人員及停止一切雙邊合作計畫。

我國自1997年5月與聖多美普林西比民主共和國建交以來，積極協助聖國推動國家發展建設，雙邊合作範圍包括公衛醫療、農業、基礎建設、能源、教育等領域，特別是抗瘧防治計畫，我國駐聖瘧疾防治顧問團成功將聖國瘧疾發生率自2003年50%降至2015年1.01%，世界衛生組織並於2013年宣布聖國已進入瘧疾根除前期，成果有目共睹。

我國與友邦交往，一向本於誠信與互惠原則，在能力範圍內盡全力協助友邦發展，惟聖國政府因財務缺口過大，我國無法滿足其需求，遂即罔顧兩國近20年邦誼，試圖游走兩岸，待價而沽，對聖國政府如此輕率且不友好之決定及行徑，我國深感遺憾並予以譴責。

臺灣致力擴展國家生存空間及踏實外交的立場，絕不因此動搖而有所改變，仍將秉積極貢獻國際社會之信念，與世界各國共同努力，爭取合理國家地位，提升人民福祉，並共同促進國際社會之自由平等價值。（E）



 "
"12","2016/07/12
第002號                                  

針對仲裁庭就「南海仲裁案」做出之判斷，中華民國政府鄭重表示，完全無法接受，其結果對我國沒有任何法律拘束力。理由如下：

一、在判斷本文中，以「中國臺灣當局」（Taiwan Authority of China）不當稱呼我國，貶抑我作為主權國家之地位。

二、太平島原不在菲律賓請求裁判的標的，仲裁庭卻自行擴權，將我方統治的太平島，連同由越南、菲律賓及馬來西亞等國占領的南沙群島其他島嶼，全數宣布為「岩礁」（rocks），不得擁有專屬經濟海域（Exclusive Economic Zone），嚴重損害我南海諸島的法律地位及其相關海域權利。

中華民國對南海諸島及其相關海域享有國際法及海洋法上的權利，不容置疑。本案仲裁庭於審理過程中，未曾邀請我國參與仲裁程序，也從未徵詢我方的意見，因此本案判斷對中華民國不具有任何法律拘束力。

中華民國政府再次強調，南海諸島屬於中華民國領土，我政府絕對會採取堅定行動捍衛國家領土以及相關海域權利。

中華民國主張，關於南海爭議，應透過多邊協商，依據「擱置爭議，共同開發」之方式和平解決，而我國應以平等地位獲納入相關多邊爭端解決機制。我國也願在平等協商之基礎上，與相關國家共同促進南海區域之和平與穩定。（E）
 "
"13","2016/03/17
第001號

甘比亞及中國大陸本（105）年3月17日在北京簽署恢復外交關係聯合公報，中華民國政府對此聲明如下：

甘比亞在2013年11月14日片面與我終止外交關係，迄今已2年4個月，對於甘比亞決定與中國大陸建交，我方表示遺憾。過去7年多來，我政府推動活路外交，無論是對邦交國、主要夥伴國家關係，還是對國際參與，皆有具體進展。外交部將持續加強對外工作，對於中國大陸在國際上之打壓作為，外交部及所有駐外館處會持續提高警覺、密切注意，以有效維護我國家利益。

中華民國珍視與邦交國關係，我推動活路外交及堅持援外三原則，獲得所有邦交國及國際社會之肯定。中華民國仍將持續強化與邦交國友好合作情誼。（E）"
"14","2015/07/07
第001號   
                              
關於邇來備受國際社會關注之南海議題，中華民國外交部茲重申其主張如后：
無論就歷史、地理及國際法而言，南沙群島、西沙群島、中沙群島、東沙群島及其周遭海域屬中華民國固有領土及海域，中華民國對該四群島及其海域享有國際法上之權利，任何國家無論以任何理由或方式予以主張或占據，中華民國政府一概不予承認。

南海諸島係由我國最早發現、命名、使用並納入領土版圖，日本於民國27年（1938年）至民國28年（1939年）非法占據東沙、西沙與南沙諸群島，並於民國28年（1939年）3月30日以臺灣總督府第122號告示將「新南群島」（即南沙群島之部分島嶼）納入臺灣總督府管轄，編入高雄州高雄市。第二次世界大戰結束後，中華民國政府於民國35年（1946年）間收復東沙、西沙及南沙諸島，除於主要島嶼上設立石碑並派軍駐守外，另亦於民國36年（1947年）12月公布新定南海諸島名稱及「南海諸島位置圖」，明示中華民國領土及海域範圍。此外，民國41年（1952年）4月28日生效之《舊金山和約》及同日簽署之《中日和約》及其他相關國際法律文件，已確認原由日本占領的南海島礁均應回歸中華民國，其後數十年間，中華民國擁有並有效管理南海諸島的事實亦被外國政府及國際組織所承認。

民國45年（1956年），中華民國派軍駐守南沙群島中面積最大（約0.5平方公里）之自然生成島嶼—太平島，並於同年在該島設置南沙守備區。民國79年（1990年）2月，中華民國行政院核定由高雄市政府代管太平島，行政管轄屬高雄市旗津區。在過去60年間，中華民國軍民充分利用及開發太平島上之天然資源，以便駐留該島完成其各自之任務。島上除有出產地下水之水井及天然植被外，亦蘊含磷礦及漁業資源，島上駐守人員更在該島種植蔬果及豢養家禽家畜，以應生活所需。而為滿足其信仰需求，當地駐守人員亦於民國48年（1959年）興建觀音堂，奉祀觀世音菩薩。因此，無論自法律、經濟及地理之角度而言，太平島不僅符合《聯合國海洋法公約》第121條關於島嶼之要件，並能維持人類居住及其本身經濟生活，絕非岩礁。中華民國堅決捍衛太平島為一島嶼之事實，任何國家企圖對此加以否定之主張，均無法減損太平島之島嶼地位及其得依《聯合國海洋法公約》所享有之海洋權利。

自民國97年（2008年）迄今，中華民國政府積極推動南海和平用途，已獲致豐碩成果，為區域和平及穩定做出重要貢獻，其重點包括：
民國99年（2010年）7月，內政部正式啟用「東沙環礁國家公園」管理站，執行「東沙國際海洋研究站計畫」，推動東沙成為國際海洋研究重鎮。
經濟部於民國100年（2011年）陸續劃設東沙島周邊與南沙太平島礦區，並初步完成地質探勘及海域科學調查工作。
從民國100年（2011年）起，由國防部與海岸巡防署分別辦理「南沙研習營」與「東沙體驗營」，以強化青年學子對南沙群島重要性之認知。
自民國102年（2013年）11月起，由交通部、國防部與海巡署共同執行南沙太平島交通基礎整建工程。
民國102年12月，交通部建置完成南沙太平島之通信網路，便捷國際人道援助之聯繫與緊急通信服務。
民國103年（2014年）12月，南沙太平島第二期太陽能光電設備啟用，與民國100年建設完成之第一期太陽能光電系統併聯運轉後，每年可供應16％之用電並減少排碳量約128公噸，打造太平島為低碳島。
中華民國為聯合國之創始會員國，雖於1971年失去代表權，但正式國名Republic of China 仍留存於《聯合國憲章》第23條及第110條，且歷年均遵守《聯合國憲章》及國際法規定之和平解決爭端及航行與飛越自由原則。我國堅守太平島等島嶼多年，惟從未為此與他國發生軍事衝突，亦未妨礙各國在該海、空域之航行及飛越自由。

中華民國政府呼籲南海周邊各國尊重《聯合國憲章》及《聯合國海洋法公約》之原則與精神，自我克制，維持南海區域和平穩定現狀，避免採取任何升高緊張情勢之單邊措施。

中華民國政府秉持「主權在我、擱置爭議、和平互惠、共同開發」之基本原則，願在平等協商之基礎上，與相關國家共同促進南海區域之和平與穩定，並共同保護及開發南海資源。

任何有關太平島及其他南海島礁與海域之安排或協議，倘未經中華民國政府參與協商並同意，對中華民國均不具任何效力，中華民國政府亦均不予承認。（E）"
"15","2013/11/18
第005號聲明
中華民國政府基於維護國家尊嚴及活路外交原則，決定自本（102）年11月18日起終止與甘比亞共和國之外交關係，並撤離大使館、技術團人員及停止一切雙邊合作計畫。這是中華民國政府對甘比亞共和國賈梅總統本年11月14日以「國家戰略利益」為由，宣布與我終止外交關係之回應。
中華民國自1995年7月與甘比亞共和國復交以來，積極協助甘國進行有益國家發展及國計民生之合作計畫，包括教育、農業、醫療、軍事及基礎建設等項目，對甘國經濟建設及民生福祉的貢獻有目共睹，亦深獲甘國朝野肯定。此外兩國復交以來，官員互訪頻繁、人民往來密切，我國本於誠信及正義原則，始終展現對甘國如同兄弟般之情誼，惟對甘比亞此次突發性之決定，至為遺憾。
中華民國政府對擴展國家生存空間及推動活路外交的立場，絕不因此動搖而有所改變，未來仍將持續以堅定的決心與務實的態度，繼續結交堅持正義並以平等待我的國家共同努力，爭取我國應有之國際地位，善盡國際義務，並致力於提升全民的福祉。（E）
   "
"16","2013/11/15
第004號聲明

甘比亞共和國賈梅總統本（102）年11月14日致函我國駐甘比亞大使館表示，甘比亞決定自即日起終止兩國外交關係，中華民國對此表示震驚與遺憾。

賈梅總統於致我國政府函中表示，甘我兩國在許多領域均有密切互利之合作關係，成果斐然，並對雙方裨益良多，甘國總統至為感謝中華民國之友誼與合作，亦對甘國與中華民國建交18年來取得之豐碩成果表達謝忱。

中華民國政府重申，自從我與甘比亞復交以來，我國提供甘國各項有助國計民生之計畫，普受甘國朝野好評；同時甘國也長期在國際場合堅定為我執言。兩國高層亦互訪頻繁，本年我國國慶甘國亦派副總統賈莎迪率團訪華專程來賀，兩國邦誼一向友好。

我國政府重視兩國間之長期友好合作關係，針對賈梅總統之決定，我國已透過適當管道表達我國之嚴正立場。（E）"
"17","2013/08/31
第003號聲明
敘利亞近期內戰情勢的發展，引發全球關注。據多方消息來源顯示，敘利亞近期衝突中有化學武器波及平民的情形，造成慘重傷亡。中華民國一本尊重人權及追求民主普世價值的立場，呼籲敘利亞政府及反抗陣營以和平方式解決國內政治紛爭，同時譴責任何以暴力及非人道方式傷害平民的行為。
  針對逃難至約旦的敘利亞難民，基於人道考量，中華民國政府已提供50座組合屋、5 輛全新全配備的救護車供救助難民使用。（E）"
"18","  中華民國外交部關切菲律賓邇來聲稱計畫修整南沙群島的中業島機場跑道等設施，及將南沙群島部分島嶼發展為觀光景點等非法作為，已侵犯我權益，並重申我政府立場如次：
  一、中業島為南沙群島島礁之一，無論就歷史、地理及國際法而言，南沙群島、西沙群島、中沙群島、東沙群島及其周遭水域屬中華民國固有領土及水域，主權屬於中華民國，不容置疑。中華民國對該四群島及其水域享有一切應有權益，任何國家無論以任何理由或方式予以主張、占據或開發，中華民國政府一概不予承認。
  二、中華民國政府呼籲，相鄰南海各島礁的國家，應依據相關國際法的原則與精神，自我節制，避免採取任何片面措施，影響南海地區的安定與和平，並透過協商對話，和平解決南海爭端。我國願積極參與相關對話，解決紛爭，共同促進區域的和平穩定與發展。
  三、中華民國政府願秉持「主權在我、擱置爭議、和平互惠、共同開發」的原則，與其他國家共同開發南海資源。（E）"
"19","  針對越南「海洋法」內文擅將我國西沙及南沙群島納入越南主權及管轄範圍，中華民國外交部對越南此舉，表達嚴正關切與抗議，並重申我政府立場如下：
  一、無論就歷史、地理及國際法而言，南沙群島、西沙群島、中沙群島、東沙群島及其周遭水域俱屬中華民國固有領土及水域，主權屬於中華民國，不容置疑。中華民國對該四群島及其水域享有一切應有權益，任何國家無論以任何理由或方式予以主張或佔據，俱屬非法，我政府一概不予承認。
  二、中華民國政府一向秉持「主權在我、擱置爭議、和平互惠、共同開發」的基本原則處理南海爭端，在此再次重申相鄰南海各島礁的國家，應依據國際法的原則與精神，自我節制及維持航行自由，勿採取任何影響南海地區和平穩定的片面措施，並以對話代替對抗，共同和平解決南海爭端。（E）"
"20","  美國司法部本（10）月17日宣布，上（2011）年密謀企圖以炸藥暗殺沙烏地阿拉伯駐美大使朱貝爾（Adel Al-Jubeir）恐怖攻擊案之主嫌伊朗裔美籍公民阿爾巴希爾（Mansour Arbabsiar）已於美國紐約南區聯邦法院認罪。
  中華民國政府身為愛好和平之國際社會成員，嚴正譴責此等違反國際法之恐怖攻擊行為，並願續與美國、沙烏地阿拉伯及其他愛好和平國家加強全球反恐合作。（E）"
"21","  美國駐利比亞班加西領事館於本（101）年9月11日晚間遭武裝分子攻擊，造成美國駐利比亞大使史蒂文斯（J. Christopher Stevens）及三名使館人員喪生。中華民國外交部對此不幸事件表示遺憾，對於遇害之美國外交人員深表哀悼。
  中華民國政府一貫反對所有暴力作為，並嚴正譴責此一暴力攻擊行動，盼面對爭端之各方均能以和平及理性之態度處理相關問題。（E）"
"22","針對菲律賓總統艾奎諾三世頒布第29號行政命令，擅將南海改名為「西菲律賓海」，片面挑起爭議，中華民國概不承認，並嚴正重申中華民國政府立場如下：
一、無論就歷史、地理及國際法而言，南沙群島、西沙群島、中沙群島、東沙群島及其周遭水域屬中華民國固有領土及水域。中華民國對該四群島及其水域享有一切應有權益，任何國家無論以任何理由或方式予以主張或佔據，一概不予承認。
二、中華民國政府一向秉持「主權在我、擱置爭議、和平互惠、共同開發」之基本原則處理南海爭端，並呼籲相關周邊國家應邀我參與「南海各方行為準則」(Code of Conduct, COC)之協商，共同促進區域之和平與發展。
三、中華民國政府亦重申，相鄰南海各島礁之國家，應依據國際法之原則與精神，避免採取任何影響南海地區和平穩定的片面措施，並自我節制，以對話代替對抗，和平解決南海爭端。(E)
  文號:005  "
"23","  針對越南外交部於本（9）月7日指稱，我國家安全會議秘書長胡為真率政府部會首長於本（101）年8月31日視察我南沙太平島，並登上中洲礁，升起中華民國國旗，係侵犯其主權事，外交部茲嚴正聲明我立場如下：
  一、無論就歷史、地理及國際法而言，南沙群島、西沙群島、中沙群島、東沙群島及其周遭水域屬中華民國固有領土及水域。中華民國對該四群島及其水域享有一切應有權益，任何國家無論以任何理由或方式予以主張或佔據，一概不予承認。
  二、太平島及中洲礁均屬南沙群島島礁，中華民國政府更已長期實質有效治理，其主權屬我，不容置疑。我國在該島上進行之任何活動及所採措施均屬合法作為，不容他國置喙，亦毫無理由會引起區域情勢緊張。
  三、中華民國政府一向秉持「主權在我、擱置爭議、和平互惠、共同開發」之基本原則處理南海爭端，並願積極參與相關對話，呼籲相關周邊國家邀我參與「南海各方行為準則」（Code of Conduct, COC）之協商，共同促進區域之和平與發展。
  四、我政府亦鄭重呼籲，相鄰南海各島礁之國家，應依據國際法之原則與精神，避免採取任何影響南海地區和平穩定的片面措施，並自我節制，以對話代替對抗，和平解決南海爭端。（E）"
"24","外交部於本（11）日嚴厲譴責日本政府完成釣魚臺、北小島及南小島所謂「國有化」，嚴正指出日本此舉是侵犯中華民國領土主權的不法作為。外交部長楊進添已於本日上午召見日本駐華代表樽井澄夫表達強烈抗議，並譴責日本政府無視歷史事實及國際法規範，對日本嚴重侵害我國領土主權之舉，表達強烈抗議，正告日方採取此項極不友好的舉措，不僅傷害臺日雙方長久以來的合作關係，也激化東亞區域緊張情勢。
外交部已同時指示駐日本代表沈斯淳向日本政府提出強烈抗議，並且電召沈代表回國報告。
外交部鄭重重申，釣魚臺列嶼是中華民國固有領土，亦為臺灣的附屬島嶼，其行政區劃屬宜蘭縣頭城鎮大溪里。無論從地理、地質、歷史、使用及國際法觀點而論，釣魚臺列嶼主權屬於中華民國，不容置疑。日本政府在清末甲午戰爭戰勝後趁機兼併釣魚臺列嶼，是違反國際法的侵略行為，而當時日本的侵占行動並未依規定經過天皇發布敕令昭告世界，外界並不知悉，則屬「竊占」行為，在國際法上「自始無效」。我國對日本政府任何侵害我對釣魚臺列嶼主權的言行，包括所謂將釣魚臺「國有化」之非法作為，一概不予承認並提出嚴厲的譴責。有關日本「竊占」釣魚臺列嶼的非法作為，請詳參後附史實紀要。
外交部強調：中華民國的國家主權與領土完整無法妥協，民族尊嚴與國民福祉不容侵犯。外交部再次嚴正要求日本政府立即停止傷害臺日雙方友好合作關係及升高東海緊張情勢的一切舉措，正視釣魚臺列嶼爭議存在的事實，並珍惜與中華民國過去四年多來所建立的特別夥伴關係，回應我政府所提的「東海和平倡議」，與相關各方共同擱置爭議，以理性和平的對話，維護區域和平穩定，合作開發東海資源。（E）
  文號:003"
"25","針對近期發生在東海及釣魚臺列嶼海域相關爭議，中華民國政府重申：釣魚臺列嶼乃臺灣屬島、中華民國固有領土。
中華民國之主張，係依據「開羅宣言」、「波茨坦公告」、「日本降伏文書」、「舊金山和約」及「中日和約」，釣魚臺列嶼應隨臺灣回歸中華民國。
中華民國瞭解到相關方面對本區域有不同主張，致多年來爭議不斷，近來本區域緊張情勢漸有升高現象。中華民國鄭重呼籲相關各方應依據聯合國憲章及國際法之原則，和平解決爭端。
中華民國政府對釣魚臺列嶼問題一貫立場是：「主權在我、擱置爭議、和平互惠、共同開發」。釣魚台列嶼問題所涉之東海區域，位居西太平洋海空交通之樞紐，攸關亞太區域、乃至世界安全與和平。為增進本區域持續和平穩定、經濟進步繁榮、海洋生態永續發展，各方應積極謀求共存共榮之道，中華民國政府爰提出「東海和平倡議」如下：
呼籲相關各方—
一、應自我克制，不升高對立行動；
二、應擱置爭議，不放棄對話溝通；
三、應遵守國際法，以和平方式處理爭端；
四、應尋求共識，研訂「東海行為準則」；
五、應建立機制，合作開發東海資源。
中華民國政府深盼相關各方共同努力，俾「東海和平倡議」早日實現，使東海成為「和平與合作之海」。（E）
文號: 002"
"26","埃及阿拉伯共和國總統選舉委員會於本（101）年6月24日正式公布穆巴拉克政權結束後，埃國舉行首次總統選舉之結果，中華民國政府欣向埃及新任總統當選人穆西（Mohamed Morsi）表達衷心祝賀，並對埃及人民追求民主之決心表示敬意，至盼埃及阿拉伯共和國繁榮進步，持續維護其民主成果。（E）
文號：001"
"27","第004號
2011/10/13
美國政府本（10）月11日宣布破獲一起密謀企圖以炸藥暗殺沙烏地阿拉伯駐美大使朱貝爾（Adel Al-Jubeir）之重大恐怖攻擊事件。中華民國政府如同國際社會愛好和平國家，嚴正譴責此等違反國際法之恐怖行為，並願續與美國加強全球反恐合作。
據 美國司法部表示，涉案之伊朗裔美國公民阿爾巴希爾（Mannsor Arbabsiar）已遭美方逮捕，至另一涉案伊朗籍嫌犯沙庫里（Gholam Sharkuri）則仍在逃。美國國務院於美東時間本月11日已對美國海外公民發布旅遊警訊（travel alert），建議密切注意相關發展。中華民國外交部亦將持續關注本案後續對國際旅遊安全的可能影響，隨時因應並向國人說明。（E）"
"28","南蘇丹共和國已於本日(7月9日)正式宣布獨立，並獲得聯合國主要會員國及國際社會許多成員的支持，中華民國身為國際社會堅持民主自由價值之ㄧ員，自即日起正式承認南蘇丹共和國，並祝賀南蘇丹共和國繁榮昌盛，同時對蘇丹共和國尊重南蘇丹人民追求獨立自主的意願，深感敬佩。 民族自決係聯合國認可的基本權利，國家的未來掌握在全體人民之手，南蘇丹人民雖歷經多年險阻，最終仍得以於本(2011)年1月9日通過公民投票和平邁向獨立建國，誠屬可貴。（E）"
"29","第001號 2011/03/24 關於印尼外交部網站可申辦落地簽國家的資訊中，稱我國為「Taiwan, PRC」乙節，外交部及我駐印尼代表處於本（3）月23日傍晚接獲民眾陳情後，立即向印尼高層、外交部及印尼駐台機構表達我國政府的嚴正關切；我方除向印尼方面說明台灣與中國大陸不相隸屬，印尼外交部網頁所列我國名稱與事實不符外，並請印尼政府作出積極迅速的更正。印尼外交部已於本（3）月24日立即修正其網頁，暫依APEC模式將我國部份改為Chinese Taipei，外交部已請駐印尼代表處繼續交涉。（E）"
"30","韓國海軍「天安艦」本年3月26日於黃海白翎島西南方1海里處被炸沉，經由美國、澳大利亞、英國、瑞典及韓國聯合調查結果，認定該艦係遭北韓魚雷襲擊所致。此一事件已對亞太地區之安全與穩定造成衝擊，且緊張情勢有日漸升高之趨勢。
中華民國作為東亞地區負責任之國家，對此情勢極感關切，並且譴責任何使用暴力或挑釁破壞地區和平穩定之行為。
中華民國支持大韓民國、美國及日本等國尋求降低緊張情勢及透過聯合國恢復地區穩定之努力，我亦願與國際社會配合，採取適當措施，防止衝突擴大，以維持區域和平、安定與繁榮。
（E）"
"31","關於昨（11）日我國立法委員於立法院外交及國防委員會質詢，中國大陸日前曾針對日本交流協會代表齋藤正樹「台灣地位未定」之不當發言事件時發表評論表示「台灣是中華人民共和國領土不可分割之一部份」，中華民國外交部茲嚴正聲明如下： 根據開羅宣言、波茨坦聲明、日本降伏文書、舊金山和約及1952年簽署的中日和約等國際文書，日本於二次大戰結束後將台灣、澎湖等領土交還予中華民國，此為不容否認的事實。中華民國政府自1945年10月25日台灣光復後即有效統治台澎金馬迄今，期間中國大陸之治權亦從未及於台澎金馬領域內。此次齋藤正樹代表之不當言論，我政府已於第一時間表達我嚴正立場，中國大陸並無置喙的餘地。（E）"
"32","中華民國為1958年日內瓦大陸礁層公約之締約國，對於大陸礁層享有國際法之主權權利。1958年公約之原則已為1982年聯合國海洋法公約（以下簡稱《公約》）之相關條款所接納。此外，習慣國際法亦肯定沿岸國具有探勘大陸礁層和開發其自然資源之主權權利。我政府長久以來支持此一基本原則。事實上，我政府於1998年1月21日公布「中華民國專屬經濟海域及大陸礁層法」，並於第2條明文規定，中華民國之大陸礁層，依其陸地領土自然延伸至大陸邊外緣之海底區域。 中華民國政府重申，無論就歷史、地理及國際法而言，釣魚臺列嶼以及南沙群島、西沙群島、中沙群島、東沙群島及其周遭水域乃中華民國固有領土及水域，其主權屬於中華民國，不容置疑。中華民國對上述島嶼及周遭水域、海床及底土享有國際法所賦予之所有權益，任何國家以任何理由或方式予以主張或佔據，在法律上均屬無效。 作為一個沿海國家，中華民國政府自2006年開始依據《公約》第76條與「大陸礁層界限委員會科學暨技術準則」之要求，已積極進行主張大陸礁層外部界限所需相關科學佐證資料之調查及準備工作。 依我政府目前調查所獲得的資料顯示，我國可以臺灣東部大陸邊外緣及向東北方沿東海大陸邊外緣作為延伸大陸礁層之依據，利用相關科學佐證資料可證明，我國在「臺灣東部海域」、「東海海域」的大陸礁層自然延伸範圍超過自領海基線起算200浬，部分與鄰國所主張之大陸礁層重疊。 我政府已召集有關法律、政策、科學與技術等專家，致力於大陸礁層外部界限劃定的準備工作，由於我國並未受邀參與《公約》之談判與簽訂，無法成為《公約》締約國，因此，我國不受《公約》締約國會議第72號決定（SPLOS/72）及第183號決定（SPLOS/183）之拘束，亦即我國對於超過200浬的延伸大陸礁層之主張，不受2009年5月12日期限之限制。在該期限之後，我國繼續保有對於東海、臺灣東部海域及南海海域主張超過200浬大陸礁層外部界限之權利。 《公約》第76條第10款規定，本條的規定不妨害海岸相向或相鄰國家間大陸礁層界限劃定的問題。由於我國就周邊海域與鄰國之劃界仍未產生協議，我國與鄰國間海域劃界問題之解決，將遵守國際法，依衡平原則，以協議劃定。在協議未能達成前，我政府期盼區域內相關各方基於維護區域海洋法秩序之立場，應共同維持區域和平、穩定的發展，並在「共同開發、資源共享」之原則下，務實增進區域內之良性互動關係。（E）"
"33","針對馬來西亞及越南政府於本（98）年5月6日向聯合國大陸礁層界限委員會提交200海浬以外大陸礁層延伸案以及越南政府5月7日另向大陸礁層界限委員會提交200海浬以外大陸礁層延伸案事，中華民國外交部茲鄭重聲明： 一、無論就歷史、地理及國際法而言，南沙群島、西沙群島、中沙群島、東沙群島及其周遭水域屬於中華民國固有領土及水域，其主權屬於中華民國，不容置疑。中華民國對該四群島及其水域、海床及底土享有一切應有權益，任何國家無論以任何理由或方式予以主張或佔據，中華民國政府一概不予以承認。 二、中華民國政府特此呼籲，馬來西亞及越南政府應依據聯合國憲章、聯合國海洋法公約及「南海各方行為宣言」揭櫫之原則與精神，透過協商與理性對話，和平解決南海爭議。（E）"
"34","第001號 02/04/2009 針對菲律賓參議院本（2009）年1月28日通過之第2699號法案（Senate Bill 2699），及眾議院本年2月2日通過之第3216號法案（House Bill 3216），將屬於我國之部分南沙群島（包括太平島），以及中沙群島之黃岩島，劃入菲國領土事，中華民國外交部茲鄭重聲明如后： 一、 無論就歷史、地理、事實及國際法而言，南沙群島、西沙群島、中沙群島、東沙群島及其周遭水域係屬中華民國固有領土及水域，其主權屬於中華民國，不容置疑。中華民國對該四群島及其水域享有一切應有權益，任何國家無論以任何理由或方式予以主張或佔據，中華民國政府一概不予承認。 二、 中華民國政府茲此呼籲，菲國政府應依據聯合國憲章、聯合國海洋法公約及「南海各方行為宣言」揭櫫之原則與精神，透過協商對話，和平解決南海爭議。（E）"
"35","科索沃共和國已於本年2月17日正式宣佈獨立，中華民國（台灣）自即日起正式承認科索沃共和國，外交部長黃志芳並代表我國政府與人民對科索沃政府與人民表示祝賀之意。 住民自決是聯合國憲章所賦予的神聖權力，科索沃人民在克服許多困難後，堅持理想和平邁向獨立建國，令人感佩。身為主權國家也是國際間堅持民主自由的一員，中華民國（台灣）政府對於科國人民終於享受主權獨立與民主自由的果實感到高興，我們也祝福科索沃共和國繁榮昌盛。（E）"
"36","中華民國（台灣）外交部茲鄭重聲明：馬拉威共和國政府在中國威脅利誘下，決定與中國建交，中華民國（台灣）政府對此至表遺憾。為維護國家尊嚴、主權及人民福祉，中華民國（台灣）政府決定自即日起中止與馬拉威共和國之外交關係，並停止一切援助計畫。 中華民國（台灣）自1966年與馬拉威共和國建交以來，始終積極協助馬國從事各項基礎建設及攸關馬國國計民生之計畫，馬國歷任政府及人民對兩國邦誼及各項合作亦深表滿意。 中國近年來謀我邦交國變本加厲，曾多次企圖破壞台、馬關係未果，並於去（2007）年下半年開出60億美元天價利誘馬方。我政府珍視台、馬邦誼，積極、持續與馬國政府溝通，展現最大合作誠意，惟馬方仍一意孤行，並配合中國選擇在我元首出國訪問的時刻與中國建交，這是對我國政府及台灣人民極大的羞辱，不是一個相交42年並自詡為民主國家應有的作法。 中華民國（台灣）政府對中國為打壓我國國際活動空間，以重金利誘我友邦，表示嚴正譴責，並對馬國政府及領導人不顧馬國國家尊嚴及對我國之承諾，向中國惡勢力屈服，甚感遺憾。中華民國（台灣）政府為維護台灣人民福祉，仍將以堅定之決心與務實態度，繼續爭取國際間應有之生存空間及地位，決不因中國蠻橫打壓而退縮。（E）"
"37","中華民國（台灣）外交部茲鄭重聲明：哥斯大黎加政府在中國威脅利誘下，於台北時間本（6）月7日晨宣布與中國建交而與我斷交，中華民國（台灣）政府對此至表遺憾。為維護國家尊嚴與利益，中華民國（台灣）政府決定，自即日起終止與哥斯大黎加共和國之外交關係並停止雙方一切合作計畫。 中華民國（台灣）與哥斯大黎加於1944年建立外交關係以來，兩國一向理念相同，致力推展民主、自由及國際和平事業，我國亦始終積極協助哥斯大黎加從事各項基礎建設及攸關哥斯大黎加國計民生之計畫，哥斯大黎加歷任政府及人民對兩國邦誼及各項合作亦深表滿意。哥國現任阿里亞斯總統（Oscar Arias）自2006年5月上任以來，不顧兩國之共同價值及長久邦誼，與中國秘密進行多次建交談判，我政府基於對台哥間超過一甲子邦誼之珍視，曾積極、持續與哥國政府溝通，展現最大合作誠意，惟哥方仍一意孤行。 阿里亞斯總統1987年以成功協調中美洲武裝衝突而獲頒諾貝爾和平獎，他追求中美洲和平、自由及民主之決心當時廣獲國際肯定。現阿里亞斯總統卻決定捨棄與哥國共享和平、自由及人權普世價值的台灣，轉而與專制集權的共產中國為伍，我方經一切努力無效後，決定中止雙方關係，以維護我外交自主及尊嚴。 中華民國（台灣）政府對阿里亞斯總統上述與哥國立國精神及諾貝爾和平獎理念相左之作法表示強烈遺憾，也對中國以威脅利誘金錢外交打擊我國國際活動空間之舉，表示嚴正譴責。中國此種作為嚴重傷害台灣人民情感，與中國所言之「寄希望於台灣人民」完全背道而馳。 台灣在哥斯大黎加各界仍擁有眾多友人，我們仍然珍惜與哥國人民之情誼，並對過去這段時間協助我國為維護兩國邦誼而奔走之哥國友人表示謝忱。 面對中國對我無所不用其極之打壓，中華民國（台灣）政府與人民繼續推動務實外交之立場絕不會動搖，外交部同仁亦當不畏挑戰，愈挫愈奮，全力以赴，以堅定之決心與務實態度，繼續拓展國際空間，爭取我應有之國際地位，維護我國最高權益及人民福祉。（E）"
"38","世界動物衛生組織（OIE）屈從於中國之政治壓力，於本（2007）年5月25日第75屆年會中表決通過貶抑我國會籍地位與名稱之決議，外交部對此表達抗議與不滿，並強烈譴責中國藉由政治操弄，打壓我國參與功能性國際組織之惡劣手法。 世界動物衛生組織大會在5月25日下午討論「恢復中華人民共和國在世界動物衛生組織履行合法權利及義務」決議案，我國代表首先發言表示反對，嗣在巴基斯坦、甘比亞及德國（代表歐盟）發言後，大會進行表決。計有130個會員國參與投票，結果為12票反對、5票棄權、113票同意，該案獲得通過，其要點為：注意到（noting）中國之觀點為中華人民共和國是代表包括台灣在內之全中國的唯一合法政府；台灣以非主權區域會員身分參與世界動物衛生組織的活動；台灣在世界動物衛生組織的活動、文件、刊物及網站等均以「中華台北」（Chinese Taipei）稱之。 外交部強調，該項決議所引述中國之觀點與事實完全不符，且將我矮化為「非主權區域會員」，我絕對無法接受。我出席會議代表在表決前曾發表反對該決議之立場，並在表決後發表抗議聲明，表達我國嚴正立場。 我國自1912年肇建至今，作為主權國家之地位無庸置疑；且中華人民共和國自1949年成立以來，其主權及治權未曾及於台灣。台海兩岸分隔分治，乃不爭之事實，台灣絕非中華人民共和國之一部分。 我國係以主權國家身分於1954年加入世界動物衛生組織成為「會員國」。世界動物衛生組織現行規章中並無所謂「非主權區域會員」之規定，因此該決議將我國降格為「非主權區域會員」毫無法理依據。 此外，依據世界動物衛生組織成立宗旨，該組織係為促進國際間動物衛生合作而成立之專業組織，不應討論甚或表決有違其宗旨之政治性決議草案。因此，外交部對於世界動物衛生組織屈從中國政治操弄，自失其作為國際動物疫情合作機制之專業立場，至表遺憾。 對於各友邦投票反對該案及友我國家以棄權方式表達立場，外交部表示誠摯謝意。最終付諸票決之版本雖仍與我方期望有所差距，然在此次大會期間，美國、日本及若干歐盟國家曾積極進行協調，針對美國等國所作的努力，我方甚表感謝。 台灣自1954年加入世界動物衛生組織後，半世紀以來均善盡會員國義務，曾作出之貢獻包括：提供捐助、積極參與會務運作、定期陳報我國動物傳染病疫情資訊、以及其他專業議題之參與等。 基於國際動物疫情防治不應受政治操弄，外交部鄭重呼籲世界動物衛生組織應以前瞻眼光，迅即更正此項不當決議。世界動物衛生組織應確保我國與會各項權益不受任何減損，以利世界動物衛生及疫情之防治，並維護全人類共同之福祉。（E）"
"39","中華民國（台灣）政府與聖露西亞（St. Lucia）政府基於平等互惠之原則及發展台聖兩國友好關係之共同意願，決定自即日起恢復大使級之全面外交關係。
我國外交部長黃志芳及聖露西亞外交部長布斯吉（Hon. Rufus Bousquet）業已分別代表兩國政府於東加勒比海時間4月30日上午11時30分（台北時間同日晚間11時30分）在聖露西亞首都卡斯翠（Castries）簽署「中華民國（台灣）與聖露西亞恢復外交關係聯合公報」，雙方完成互相承認並正式恢復兩國全面外交關係。依據台灣與聖露西亞復交公報，我國同日設立駐聖露西亞大使館。
聖露西亞原於1984年康普頓總理（Hon. Sir John George Melvin Compton）任內與我建交，惟於1997年勞工黨政府時期轉與中國建交迄今。康普頓總理自2006年12月大選再度勝選後有感於渠昔日執政期間，台聖合作關係良好，基於與我維持正式邦交符合聖國最大利益考量下，經召開內閣會議正式通過台、聖兩國復交案，重新恢復兩國外交友好關係，開展雙邊各項合作計畫。
此次台灣與聖露西亞復交獲得康普頓總理及內閣全體閣員之支持。康總理為聖國資深政治家，前創立聯合工人黨並領導聖露西亞邁向獨立，此次為其第八次執政。（E）"
"40","中華民國（台灣）外交部茲鄭重聲明：查德共和國政府頃屈服來自中國之強大壓力，決定與中國「復交」，中華民國（台灣）政府對此至表遺憾。中華民國（台灣）政府為維護國家尊嚴、主權及人民福祉，決定自即日起中止與查德共和國之外交關係，並停止一切援助計畫。 自本（2006）年初起我方即注意到台查關係因中國支持查國叛軍因素而可能受影響，並於半年來用各種方式盡全力鞏固台查邦誼，目前在掌握查方將與中國進一步密商後即極力與查方協商，但查方最後仍被迫放棄台、查兩國友好邦誼，以圖換取解決叛軍及與蘇丹之紛爭問題。 中華民國（台灣）政府對中國利用我友邦危難，趁火打劫，挖我外交牆腳，打壓我國際空間之可恥行徑，表示嚴重譴責。另對查德政府及領導人，不顧查德國家尊嚴及對我之承諾向邪惡勢力屈膝，甚感遺憾。中華民國（台灣）政府為維護台灣人民福祉，仍將繼續爭取國際間應有生存空間及地位，絕不因中國蠻橫打壓而退縮。（E）"
"41","中華民國外交部茲鄭重聲明：塞內加爾共和國政府在中國金錢利誘及壓力下，瓦德總統本（25）日致函我 陳總統，宣佈與中國「復交」，而將僅與我維持經濟、商業暨文化關係，瓦德總統並在函中表明「國家間沒有朋友，只有利益」。中華民國政府對此至表遺憾，並基於維護國家尊嚴、主權及人民福祉，決定自即日起中止與塞內加爾共和國之外交關係，並停止一切援助計畫。 中華民國與塞內加爾共和國於1996年1月3日建立外交關係以來，積極協助塞國進行眾多促進經濟發展及改善國計民生之計畫，包括農漁業生產、改善基礎建設、水利、醫療衛生、教育，並積極協助青年就業、職業訓練，興建工業園區及非洲未來大學，提供農民及婦女微額貸款、救助殘障人士，以協助塞國加速發展並改善人民生活，已獲致塞國朝野共同稱許之具體成果。惟中國蠱惑利誘塞國瓦德總統及野心政客外交轉向，中華民國政府對瓦德總統罔顧與我友誼及國際正義，接受中國利誘之作法，尤其對中國挖我外交牆角，打壓我國際空間之舉，表示嚴重抗議及譴責。 中華民國政府與人民對繼續拓展國家生存空間及推動務實外交之立場，絕不動搖亦不改變，將持續以堅定的決心與務實的態度，繼續爭取國際間應有之地位，全力維護我國家尊嚴、主權及人民福祉。（Ｅ）"
"42","The Government of the Republic of China (Taiwan) and the Government of the Republic of Nauru, being desirous of strengthening the friendship and close mutual cooperation between the two countries, have decided to restore their full diplomatic relations as of May 14, 2005. On behalf of the two countries, H.E. Minister of Foreign Affairs Dr. Tan Sun Chen and H.E. President Ludwig Scotty of Nauru have signed the Joint Communiqué on the Reestablishment of Diplomatic Relations between the Republic of China (Taiwan) and the Republic of Nauru at Minister Chen’s office at 10a.m. on May 14, officially restoring diplomatic relations between the two countries. Taiwan will immediately dispatch personnel to Yaren, capital of Nauru, to activate the establishment of our embassy to the Republic of Nauru in accordance with the Joint Communiqué. President Scotty of the Republic of Nauru is a senior statesman who has been very friendly to Taiwan and shares with us the common ideals of freedom, democracy and human rights. The President was a member of the Asian Pacific Parliamentary Union (APPU), and served as Nauru’s Minister of Health. He has been deeply regretful about the mistake made by former Nauru President Rene Harris to unilaterally sever the diplomatic ties with Taiwan in July 2002, regardless of the long-time friendship between the two countries. President Scotty has firmly opposed the severance of diplomatic ties with us done by former President Harris. Since he was elected as the President of Nauru, President Scotty has repeatedly expressed his willingness to restore diplomatic and cordial ties with Taiwan on the basis of long standing cordial relations between the governments and peoples of the two countries. The Republic of Nauru is located in the South Pacific Ocean near the equator, South of our ally the Republic of the Marshall Islands and North of the Solomon Islands. It has a land area of 21.3 square kilometer, an exclusive economic zone of 320,000 square kilometers, and a population of 12,800. The reestablishment of the diplomatic ties between the two countries will re-launch exchanges and cooperation in various fields, including culture, education, agriculture, fisheries, tourism, healthcare as well as aquaculture. Nauru is a member of the United Nations, the British Commonwealth, the World Health Organization, the Asian Development Bank, the Pacific Islands Forum, the Food and Agriculture Organization, the International Olympic Committee as well as other multilateral and regional organizations. President Scotty has assured that Nauru will firmly support Taiwan’s efforts to participate in the United Nations, the World Health Organization and other international and regional organizations after the reestablishment of diplomatic ties between the two countries. （E）"
"43","中華民國（台灣）政府與諾魯共和國政府基於平等互惠之原則及發展兩國友好關係之共同意願，決定自本（2005）年5月14日起恢復大使級外交關係。 我國外交部陳部長唐山及諾魯共和國總統史科帝（H.E. Ludwig Scotty）業已分別代表兩國政府於本（14）日上午10時在外交部部長會客室簽署「中華民國（台灣）與諾魯共和國恢復外交關係聯合公報」，完成互相承認並正式恢復兩國外交關係。依據台、諾復交公報，我國將即派員前往諾國首府雅連（Yaren）積極進行我駐諾魯共和國大使館之籌設工作。 諾魯共和國現任總統史科帝係諾魯資深之政治家，長期以來，對我十分友好，並與我分享自由、民主及人權之共同理念；渠曾為「亞洲太平洋議會聯盟」（Asian Pacific Parliamentary Union, APPU）成員，並曾擔任諾魯衛生部部長。史科帝總統對於諾魯前總統哈里斯（Rene Harris）於2002年7月不顧諾國與我長期友誼，片面做出與我斷交之錯誤決定，深表遺憾；渠本人自始至終即對哈氏與我斷交之決定採取堅決反對之立場，故自當選諾魯總統以來，即基於雙方政府及人民長期友好關係，期盼重新恢復諾我兩國外交關係。 諾魯共和國位於南太平洋，靠近赤道，位於我太平洋友邦馬紹爾群島共和國之南，索羅門群島之北，陸地總面積21.3平方公里，經濟海域面積32萬平方公里，人口約為12,800人。我與諾魯復交後，雙方將展開文教、農業、漁業、觀光、醫療及水產養殖等方面之交流與合作。 諾魯為聯合國、大英國協、世界衛生組織、亞洲開發銀行、太平洋島國論壇、國際糧農組織及國際奧林匹克委員會等國際多邊與區域性組織之成員。我與諾魯復交後，史科帝總統已向我表示，諾魯今後將堅定支持我國參與聯合國、世界衛生組織等國際組織與其他區域性國際組織。 （Ｅ）"
"44","中華民國外交部茲鄭重聲明：格瑞那達政府在中國利誘下，決定與中國建交，中華民國政府至表遺憾。中華民國政府為維護國家尊嚴與利益，決定自即日起終止與格瑞那達之外交關係，並停止一切援助計畫。 我國與格瑞那達自民國78年7月20日建立外交關係以來，積極協助格瑞那達從事各項基礎建設及攸關格國國計民生之計畫，格國歷任政府及人民對我提供之援助均甚滿意，雙方在國際合作方面一向展現積極作為。上年9月7日格國遭艾文颶風侵襲，災情慘重，本部亦立即提供人道援助，並由本部部長親自率團前往賑災慰問，除提供20萬美元之人道物資外，並將格國原用於「民生計畫」150萬美元贈款改為免提計畫之賑災款，另迅同意提供800萬美元災後重建款。 格國現任總理宓契爾識事未明，誤以為可利用轉向中國要脅我方大幅提升援贈，並代償格國債務，所提「五年合作計畫」，總額高達二億四千五百萬美元。我方認為格方需索無度，非我政府能力所能負擔，惟我仍勉力承諾協助其中之「紓解財政計畫」及「擴建體育場計畫」等，然宓總理對我援贈承諾仍不滿意。本部對宓契爾總理與中國接觸及受到中國利誘之情形均充分掌握並多方加以勸阻，惟宓總理仍一意孤行，接受中國利誘赴北京商談建交事宜，並致函我政府表示僅擬與我維持非官方關係，本部爰在上年12月22日召回我駐格國大使，並向宓總理表達嚴重之抗議。格外長林洛德與中國外長李肇星已於本年1月20日在北京簽署建交公報，格國政府並於當地時間1月27日以節略正式通知我駐館撤銷對我外交承認。我政府為捍衛國家利益與尊嚴，爰決定中止與格瑞那達之外交關係。 中華民國政府對宓契爾總理短視之作法，表示遺憾，並鄭重宣示我政府絕不會與中國進行無謂的「金錢外交」競賽，亦不接受格國游走兩岸藉以牟利之作法。尤其對中國從事金錢外交打擊我國國際活動空間，表示嚴重抗議及譴責。中華民國一向基於經濟共榮的精神和友邦進行合作計畫，今後仍將朝既定的政策與目標努力，並將以堅定的決心與務實的態度，繼續拓展國際空間，維護我國最高權益及人民福祉。（Ｅ）"
"45","中華民國（台灣）政府與萬那杜共和國政府基於平等互惠之原則暨發展兩國友好關係之共同意願，決定自本（二○○四）年十一月三日起建立大使級外交關係。 我國外交部陳部長唐山及萬那杜總理渥荷（H.E. Serge Vohor）業已分別代表兩國政府於本（三）日上午在本部部長會客室簽署「中華民國（台灣）與萬那杜共和國建立外交關係聯合公報」，完成互相承認並正式建立外交關係。 依據台、萬建交公報，我國已派員進入萬國首都維拉港，並自本（三）日起在萬國升起我國國旗，積極籌設我駐萬那杜共和國大使館。目前我駐館暫設在維拉港之高級旅館Le Meridien內，並已初步開始運作。 萬那杜共和國位於南太平洋，介於澳洲與斐濟之間，我邦交國索羅門群島之南，為一Ｙ字形群島國，共有八十餘個大小島嶼，陸地總面積ㄧ二、二○○平方公里，水域面積八十四萬八千平方公里，人口約有二十萬二千六百人。 萬那杜於一九八○年七月三十日獨立，並加入大英國協，實施議會民主政治。國會為ㄧ院制，共五十二席，議員任期四年。萬國憲法於一九七九年制定，一九八○年生效。憲法規定，總統由國會與萬國六省政府組成之選舉團以秘密投票方式選出，任期五年，係國家元首。立法權屬於國會，行政權屬內閣部長會議，總理由國會選舉產生，內閣部長由總理任命。 萬國群島海域遼闊，經濟海域面積約為六十八萬平方公里，漁獲資源豐富，我現有二十八艘延繩釣漁船經常前往萬國海域作業，對我遠洋漁業發展而言，萬國至為重要。萬國天然資源豐沛，森林及可耕農地廣闊，加上自然景觀壯麗，經濟主要來源為農業、境外金融及船舶登記服務、觀光業等。台、萬建交後，雙方將展開文教、農業、畜牧、漁業、觀光、水產養殖等方面之交流與合作。 萬國與我國同為太平洋地區之島國，兩國具有相似之文化背景，崇尚自由、民主及人權。萬國注重經濟發展，萬國朝野對我五十年來經濟發展之成就及各項進步實況印象深刻，亟盼分享我經濟發展之經驗，爰決定與我建立外交關係。咸信台、萬建交後，今後雙方在經濟、技術、農業及前述領域之合作必然更為加強，兩國關係將更為密切友好。 萬那杜為大英國協會員國，該國與七十四個國家具有外交關係，目前計有澳大利亞、法國、英國、紐西蘭在萬國首府設有大使館。萬國已加入亞洲開發銀行（ADB）、世界銀行（WB）、國際貨幣基金（IMF）及世界衛生組織（WHO）等國際組織，且為聯合國（UN）與太平洋島國論壇（PIF）會員國，萬國目前並已成為世貿組織（WTO）之觀察員。萬國總理渥荷已向我表示，萬國今後將堅定支持我國參與聯合國、世界衛生組織等國際組織與區域組織。（Ｅ）"
"46","With the passing away of Deng Xiaoping, we are watching closely
future political developments on the mainland, and are well
prepared for any contingencies. However, we hope that the Chinese
Communist leadership will continue to implement the ongoing
economic reform programs and, in conformity with the world trend
of democracy, strive to enhance the social stability and welfare
of the people on the mainland. It is our earnest hope that the
authorities on the mainland will take a more rational and
pragmatic attitude and face up to the reality that the two sides
of the Taiwan Strait, being two equal political entities, are
under separate jurisdiction. The fundamental right of the 21.4
million people in Taiwan, Penghu, Kinmen and Matsu to live and
prosper and to participate in international activities must also
be respected. Only through mutual respect and cooperation in the
international arena by both sides of the Taiwan Strait can the
interest and the future development of all the Chinese people be
enhanced."
"47","中華民國外交部茲鄭重聲明，自即日起終止與多米尼克之外交關係，對於多米尼克政府惑於威脅利誘與中共建交，中華民國政府表示強烈的不滿與遺憾，並認為多國政府應自行承擔背棄與中華民國廿一年邦誼之責任及所有後果。為維護國家尊嚴與利益，外交部並決定終止兩國各項協定與合作關係，關閉中華民國駐多米尼克大使館，停止一切援助多國計畫並召回駐多米尼克技術團人員。
 中華民國與多米尼克於一九八三年五月十日建立外交關係，廿一年以來積極協助多米尼克從事各項攸關多國國計民生暨國家發展之建設計畫，並自一九八五年起派遣一支五人技術團駐多，協助多國發展農技暨水產養殖。我援助多米尼克之各項計畫對於提升多國人民之福祉貢獻甚大，充分顯示我對多國人民之友誼，甚獲多國歷任政府及人民之感戴。 多國現任總理史卡利本（二○○四）年元月八日就任後，多次向我提出高額請援，且因史卡利總理年輕氣盛，對中共存有幻想，決定接受中共利誘採取外交轉向，外交部在掌握多國政府與中共之接觸動向並多方勸阻未果後，爰決定終止與多米尼克之外交關係，以捍衛國家利益與尊嚴。中華民國政府對於中共藉我總統大選期間從事金錢外交打壓我國際生存空間之做法，表示嚴重抗議與譴責。
中華民國之外交以維護國家主權及尊嚴為宗旨，並以維護區域和平與安全為目標；外交部鄭重宣示，我方絕不接受友邦政府游走兩岸牟利的心態與作為，也絕對不與中共進行無謂的「金錢外交」競賽。中華民國一向基於互惠互利的精神和友邦進行合作計畫，以謀經濟共榮，雖面對中共強力打壓，我仍將以堅定的決心與務實的態度，朝既定的政策與目標努力，繼續強化台灣的國際參與，維護全民的最高福祉暨權益。（Ｅ）"
"48","中共國家主席胡錦濤於本（二○○四）年元月廿六日至廿九日赴法國進行國是訪問，法國席哈克總統在元月廿六日晚宴胡錦濤時的談話，元月廿七日上午與胡錦濤簽署之聯合聲明以及聯合記者會內容，均包含反對我國在三月廿日舉行公民投票之言論。對此外交部嚴正聲明如後：

一、中華民國是一個主權獨立的民主國家，訂於三月廿日舉辦之公民投票，是台灣民主化進程中最重要的里程碑，外國政府無權干涉。

二、法國為世界民主大國、西方民主的濫觴，其悠久的民主傳統素為世界各國所推崇；自一九五八年法國第五共和成立迄今，法國已就其國內外重要議題舉辦過九次公民投票，理應瞭解公投對民主國家之意義。我國本年三月廿日舉辦公民投票純係深化民主的具體做法，並無片面改變台海現狀之意圖，更非追求獨立。法國政府在聯合聲明中納入反對我舉辦公投文字，外交部對此深感遺憾，並向法政府表達強烈不滿。

三、中共政權始終不改獨裁黷武之本質，枉顧民主之普世價值，公開反對台灣舉辦公投，更圖進一步干涉我國深化民主的舉措，影響我國總統選舉，外交部表示嚴重抗議。中共屢次企圖透過其他國家遂行對我打壓，已嚴重傷害兩岸人民的情感，並構成兩岸互動與交流的嚴重障礙，對此中共應負完全的責任。
四、外交部再度鄭重呼籲，中共應尊重台灣二千三百萬人民之基本人權及國際生存空間，停止在國際間的打壓行動，立即撤除瞄準台灣的飛彈，宣示放棄以武力犯台，以維持台海及亞太地區的和平安全。（E）"
"49","        中華民國政府與吉里巴斯共和國政府基於平等互惠之原則暨發展兩國友好關係之共同意願，決定自二○○三年十一月七日起建立大使級外交關係。依據台、吉建交公報，中華民國自十一月七日起在吉里巴斯首都塔拉瓦設立駐吉里巴斯共和國大使館；在此同時，我國國旗業已飄揚在吉里巴斯，我駐吉國大使館亦已正式掛牌運作。

吉里巴斯共和國為中太平洋群島國，位於我邦交國馬紹爾群島的南方，吐瓦魯的北方，人口九萬八千餘人，包括三組群島︱Gilbert Islands、Line Islands、Phoenix Islands，赤道穿過其間。陸地總面積八一八平方公里，三十三個大小島嶼分布於五百廿萬平方公里的廣闊海域，地理上屬世界最大珊瑚環礁之一。

吉里巴斯於一九七九年七月十二日獨立，係民主國家，國體為總統制，政體為三權分立制；一院制國會由四十二席國會議員（其中卅九席由直接選舉產生）組成，國會組成後，由國會議員互相推舉二至三名國會議員為總統候選人，再經全國選民票選產生總統，國會議員與總統的任期均為四年。
吉里巴斯四周環海，經濟海域達三百六十萬平方公里，漁業資源豐富，乃世界良好漁場之一，我國遠洋漁船經常前往該國海域作業，故對我國遠洋漁業的發展而言，吉國甚為重要；目前在該地區海域作業之我國籍漁船約有四十一艘大型圍網漁船及廿艘延繩釣小型漁船。

吉國亦頗多天然觀光資源，觀光客收入為重要財政來源之一。財政情況良好穩定。吉國主要產品為芋頭、椰子、銅礦、漁產品、海草製品。

吉里巴斯共和國政治安定，社會秩序良好，國民教育普及，目前正致力開發農、漁及觀光資源。台、吉建交後，雙方將展開農業、漁業、文化、教育、觀光、技術等方面之交流合作，相信在兩國政府充分支持，以及民間企業配合前往投資下，必可達成互惠互利的密切友好關係。

吉國為大英國協會員國，一九九九年九月加入聯合國，亦為世界衛生組織（ＷＨＯ）、國際貨幣基金（ＩＭＦ）、太平洋島國論壇（ＰＩＦ）成員國，與英國、美國、日本、澳大利亞、紐西蘭、斐濟及中共等維持外交關係。（Ｅ）"
"50","        為加強中華民國與斯洛伐克共和國（The Slovak Republic）在貿易、投資、文化、旅遊及其他各方面之實質合作關係，中華民國於本（九十二）年八月一日在斯國首都布拉提斯拉瓦（Bratislava）正式設立「駐斯洛伐克台北代表處」（Taipei Representative Office, Bratislava）並開始運作。依據互惠原則，「斯洛伐克經濟文化辦事處」（Slovak Economic and Cultural Office, Taipei）將於近期內在台北正式成立。

斯洛伐克共和國位於中歐，面積四九、Ｏ三五平方公里，人口五四Ｏ萬，位居歐洲地理中心，與奧地利、捷克、波蘭、烏克蘭及匈牙利接壤。由於歐洲聯盟東擴正順利進行，斯國已於本年五月十六及十七日舉行加入歐盟公民投票，獲過半數票通過，將於二ＯＯ四年五月與波蘭、捷克、匈牙利等中東歐主要國家同時加入歐盟，未來經濟、社會等各方面發展將更有活力。在斯國設處有助於我增進與歐盟新會員國之關係，亦有助於我拓展與中東歐國家之合作關係。

我首任駐斯國代表為現任駐德國陳副代表正治。陳代表服務外交部三十五年，歷任駐奧地利代表處秘書、駐慕尼黑辦事處處長、外交部歐洲司副司長等職務，為資深外交官，嫻熟歐洲事務。
        在互設代表機構後，中華民國與斯洛伐克共和國各項交流合作如貿易、投資及文化教育等，預料將更加密切。（Ｅ）"
"51","        中華民國外交部對於友邦聖多美普林西比民主共和國本（七）月十六日發生之軍事政變，茲聲明如下：中華民國政府對聖多美普林西比民主共和國發生政變表達深切之遺憾及關切。基於民主政治之普世價值，中華民國政府呼籲國際社會協助聖國迅速恢復民選政府及憲政體制。

基於中聖兩國之友好關係，以及合作發展聖國經濟及增進聖國人民福祉之意願，中華民國政府深盼此一危機能儘速透過和平對話之方式解決，俾使中聖兩國既定之合作計畫得以持續順利進行。（Ｅ）"
"52","        中華民國自一九一二年肇建至今，國祚從未間斷；且中華人民共和國自一九四九年成立以來，其治權未曾及於台灣，台海兩岸由兩個政治實體分治，乃不爭之事實，台灣絕非中華人民共和國之一部分。

本（七）月八日中（共）韓雙方發表聯合公報中稱「世界上僅有一個中國，台灣係屬中國領土不可分割之一部分」等有關台灣之發言，事涉我國主權，中華民國政府對此表示無法接受。惟我政府亦注及韓方在此次與中共洽簽「中（共）韓聯合公報」過程中，雙方曾發生重大歧見，中共主張在聯合公報中強調「台灣問題基本上屬於中國內政」，然而韓方並未向北京的政治暴力屈服，堅持此為國際上未曾被接受之慣例。

我政府願與對岸進行交流，促進兩岸和諧，共創區域和平。同時鄭重呼籲韓國政府，應以前瞻眼光，與我發展雙邊關係，共同促進亞洲地區之繁榮發展。"
"53","        中華民國政府與巴布亞紐幾內亞政府依照國際法原則，尤其是關於國家平等、相互尊重主權及互利之原則，為加強兩國間之友好及合作關係，爰經決定自一九九九年七月五日起建立全面外交關係。我國將於近期內在巴布亞紐幾內亞首都摩爾斯貝港設立大使館。

巴布亞紐幾內亞地理位置西與印尼 Irian Jaya 相鄰，南隔 Torres 海峽與澳洲相望，為南太平洋地區僅次於澳洲之第二大國，曾為澳洲託管，於一九七五年獨立，目前仍為大英國協之會員國，以英國女王國家元首，面積四十六萬二千八百四十平方公里，人口四百五十萬。我與巴國於七十八年訂立貿易關係協定，七十九年我在巴國首都摩爾斯貝港正式設立中華民國商務代表處，並派遣農技團赴巴國協助推廣稻作，普獲好評。巴國天然資源豐富，除有豐富之漁場外，礦產有金、銅、銀、石油、天然氣。農產有木材、咖啡、可可、棕油、椰乾、樹膠等。目前巴紐已被列為石油輸出國，黃金與銅礦之產量亦頗為可觀。惟大部分之資源仍未充分開發。巴國目前重要經濟指標為「提倡中小企業，協助國民就業」。由於中小企業為我國經濟發展之主幹，已累積相當之成功\經驗，以我國之人才技術，配合巴國之豐富天然資源，相信今後在兩國政府的合作，以及民間企業配合前往投資開發情形下，必可達成雙方互惠互利之合作關係。（E）"
"54","       本（九十二）年五月二日美國總統布希在加州聖地牙哥外海之林肯號航空母艦上，宣告美國對伊拉克之主要戰鬥已經結束，聯軍取得戰爭優勢。外交部長簡又新對戰爭結束表示歡迎，亦對聯軍為確保自由民主社會免受恐怖威脅所作之貢獻，給予肯定。

        簡部長指出，我國身為國際社會的一員，自然不願意見到「大規模毀滅性武器」之擴散危及區域安全，戰爭結束代表一個新時代的開始，亦將為伊拉克人民及全世界愛好自由和平的人士帶來新希望。

        為使伊拉克人民早日脫離戰後困境，我國政府已承諾提供新台幣一億五千萬元之人道救援物資，民間各項物資勸募活動亦積極進行。簡部長表示，戰爭雖然已經結束，但是更艱苦的工作正要進行，中華民國政府盼望戰後伊拉克境內各族人民攜手共進，逐步建立民選政府，推行法治，造福全民，中華民國政府與人民將持續參與伊拉克人道救援與戰後重建工作，並盼加強對伊斯蘭世界之聯繫與友誼。

        簡部長進一步指出，戰後之國際現況勢必有所調整，鑒於中東局勢影響國際政經發展甚鉅，中華民國政府願意為中東的和平、穩定與繁榮貢獻一己心力，希望戰後的全球經濟儘速復甦、國際秩序獲得穩固。（E）"
"55","        本（九十二）年三月二十日上午，以美國為首之聯軍對伊拉克海珊政權發動軍事攻擊，引起世人極大關注。戰事甫展開，本部除繼續密切注意相關情勢發展外，特聲明我政府立場如下：

一、 我國一向愛好和平，反對恐怖主義，故自「九一一事件」起即支持以美國為首之國際反恐作為；我們對於伊拉克未能遵守聯合國相關決議及銷毀大規模毀滅性武器之義務，終使戰爭無法避免，至為遺憾。

二、 本（二十）日下午總統在國安會高層會議中，明確向國人同胞及國際社會宣示我國支持美國政府之立場，主要係基於台美雙方之長期友誼及我國家利益；台美關係攸關我國之安全、繁榮與發展，惟戰爭仍是不得已之手段，我政府盼此次行動避免殃及無辜百姓，使傷亡降至最低，並能在最短時間內結束；作為國際社會一份子，我政府亦將積極配合國際社會，進行醫療救援、人道援助及戰後重建工作。
三、 本部已通令駐中東地區各館處與當地國政府建立危機處理聯繫管道，協助我僑民採取應變措施及保障其人身安全，並加強來台簽證之安全查核，防範恐怖份子藉旅遊、經商之名混入國境。在此，本部謹提醒國人應謹慎評估前往戰區或周邊國家旅遊之風險，隨時參考本部領務局在網路上所提供之最新旅遊警訊，避免危及自身安全。
四、 本部已協調警政單位加派警力維護各國駐台機構及員眷之安全，防範可能潛入我國之恐怖份子伺機發動攻擊行動。我國亦將繼續盡力維持台海之穩定，並呼籲亞太地區國家共同合作支持打擊恐怖主義，並共同維持亞太地區乃至全球安定與經濟繁榮。 （E）"
"56","        針對東南亞國家協會與中華人民共和國於本(十一)月四日在柬埔寨簽署『南海各方行為宣言』事，中華民國外交部茲發表聲明如下：

一、中華民國政府茲重申擁有南海四沙群島領土主權，並依據公認之國際法原則享有一切應有之權益。

二、中華民國政府一向主張支持以「擱置主權爭議、共同開發資源」方式，透過協商對話，和平解決爭端。但對於東協國家政府與中華人民共和國雙方簽署此一涉及我國領土主張與國際法應享有權益之「南海各方行為宣言」，而未邀請中華民國政府代表參加，完全漠視我國權益，我政府對此深表遺憾、抗議與不滿。

三、中華民國作為南海地區國家之一員，基於主權獨立及相互尊重，願意積極促進南海合作、和平處理南海爭端及維護南海生態環境，並繼續尋求與南海周邊國家進行合作，共同維護南海地區之和平與穩定。

四、中華民國自二○○○年起已在東沙群島及南沙太平島，採取一連串信心建立措施，包括由海岸巡防署進駐執法，爰呼籲南海各方本此精神，共同促進該地區之和平與發展。（E）"
"57","        中華民國政府與蒙古政府為加強發展雙方經貿、文化、觀光及勞務等實質關係與交流，爰經決定自二ＯＯ二年九月一日起在雙方首府設立代表處，我政府已於本年九月一日在蒙古首都烏蘭巴托正式設立「駐烏蘭巴托臺北貿易經濟代表處」(Taipei Trade and Economic Representative Office in Ulaanbaatar)，正式對外運作，以增進雙方上述各項實質合作關係，並加強兩國人民之相互瞭解。

蒙古位於中國大陸與俄羅斯之間的亞洲心臟地帶，自然景觀壯麗，文化藝術優美，觀光資源豐富，與我國發展關係具有互補性。中華民國與蒙古基於平等與互惠原則，互設代表處，以加強雙方在經濟、貿易、文化及人員等方面的交流。（E）"
"58","        針對聯合國「禁止化學武器公約」預定於本(九十一)年十月在荷蘭海牙召開第七屆締約國大會並可能對公約附表三化學品之管制方式加以討論一事，外交部發表聲明如下：

聯合國於一九九二年通過「禁止化學武器公約」﹙Convention on the Prohibition of the Development,Production, Stockpiling and Use of Chemical Weapons and on Their Destruction,CWC；中文簡稱化武公約﹚後，我政府即宣佈支持該公約所揭示的目標與宗旨，並於一九九七年二月成立「聯合國禁止化學武器公約策略推動小組」，專責「化武公約」相關事務，此充分顯示我政府已以行動表示遵守「化武公約」之意願，並願意參與該公約相關活動。

鑒於我國目前並非「化武公約」締約國，倘締約國大會通過對公約附表三化學品實施嚴格管制，不僅將對我國化學相關產業造成不便，也將對全球科技產業之健全發展發生影響。

茲以我國該類化學品係純供民生用途，依現行管理方式應足以有效阻止列管化學物資之不當流用，爰呼籲締約國同意維持現行由非締約國政府核發「最終用途保證書」之管理方式，與締約國間進行此類化學品貿易。我們更期盼「化武公約」締約國重視我政府對這方面之努力與誠意，以公平合理態度對待我方，協助我國參與「化武公約」相關活動，共同確保及提昇國際經濟與科技之發展。

外交部重申中華民國政府一向重視國際安全與和平，積極參與國際組織與活動並反對國際恐怖行動之立場絕不改變。（E）"
"59","        中華民國外交部茲鄭重聲明，自即日起終止與諾魯共和國之外交關係，諾魯政府應自行承擔背棄與中華民國廿二年邦誼之責任及所有後果。外交部並決定終止兩國各項協定與合作關係，關閉中華民國駐諾魯共和國大使館，停止一切援助諾魯計畫並召回駐諾魯技術團人員。

中華民國與諾魯共和國於一九八○年五月四日建立正式外交關係，廿二年以來我政府全力協助諾魯改善水、電、電信系統等基礎建設，曾協助整建諾魯國營美倫飯店，援建國民住宅及舉重賽場地暨選手村等，並自一九九二年四月起派遣一支三人農技團駐諾，協助諾國發展農技暨水產養殖。我援助諾魯之各項計畫對於提升諾魯人民之福祉貢獻甚大，充分顯示我對諾魯人民之友誼。

諾魯現任總統哈里斯個人對中共向來存有幻想，常以「中共牌」向我施壓；我對渠最近與中共之接觸以及受到中共利誘的諸種情形均充分掌握，並多方加以勸阻，今為捍衛我國家利益與尊嚴，爰決定終止與諾魯之外交關係，以表明我政府嚴正立場。

中華民國外交政策在維護國家主權及尊嚴，並維護亞太地區和平與安全，我國一向基於經濟共榮的精神，和友邦進行合作計畫，今後我仍朝既定的外交政策與目標努力，但絕不浪擲納稅人血汗錢，與中共進行無謂的﹃金錢外交﹄競賽。面對中共打壓並封殺我國際生存空間，中華民國政府與人民自當以更堅定之決心與務實之態度，繼續開拓國際空間，維護我國家權益及人民福祉，絕不輕言退縮。（E）"
"60","        中華民國外交部對於馬其頓共和國政府決定與中共進行關係正常化，鄭重聲明如下︰中華民國政府對於馬其頓政府罔顧兩國友誼，屈從中共威脅利誘，深表遺憾，爰決定自即日起中止中、馬外交關係，關閉駐馬其頓共和國大使館，停止兩國一切合作計畫並撤回專家技術團。
 
        中華民國與馬其頓共和國於一九九九年一月廿七日建立外交關係。兩年多以來，我政府全力協助馬國政府推行十項基礎建設，成立「中馬經濟發展基金」，並鼓勵及協助台灣民間工商業界在馬其頓推動以經貿、投資為主之多項合作計畫，包括設立「台灣商務中心」及「史高比耶加工出口區」等；在科索沃危機期間，我政府更率先提供財物援助及成立醫療團，以紓解馬國財經及難民醫療問題，對馬國振興經濟及穩定社會情勢頗具貢獻。

        馬其頓政府為因應國內族裔衝突及避免內戰，在東西力量競逐之態勢中，經重新思考調整其國際戰略佈署，並於本年五月中旬組成大聯合政府，以致親中共政治勢力進入政府，助長與中共恢復邦交之聲浪。此外，馬國政府為爭取中共在聯合國安理會之支持，漠視我政府數週來對維護中馬外交關係所作之勸告與努力，竟然接受中共要脅，決定改變與我關係。馬其頓政府此一決定，不僅嚴重損害中華民國之權益，亦使兩國間既存之合作計畫完全中斷，勢將阻礙馬國未來之社會經濟發展。

        近幾年來，中共打壓及封殺我國外交工作，始終無所不用其極。中華民國政府及人民面對此一險峻情勢，自應奮發自強，繼續以積極務實之態度，拓展對外關係。（E）"
"61","         本屆Ｇ８高峰會議正於七月二十一日至二十三日在琉球舉行，頗受全球矚目。在全球化浪潮下，世界各國相互依存關係日深，經由各工業先進國家領袖齊聚一堂，坦誠交換意見，相信必能對當今國際社會所面臨之經濟、社會及衝突等問題，提供迅速而有效之解決方案。

「世界安定」係本屆Ｇ８高峰會三大中心議題之一，其中「區域安全」係備受各國關注之議題。我國係亞太地區重要成員之一，台海兩岸關係之穩定發展與本地區之和平、安定、繁榮息息相關，其重要性不亞於其他問題，是以高峰會理應討論之。本部曾迭經各項管道，積極爭取與會各國將台海安全問題納入高峰會議程，惟主辦國顧慮中共因素，並未將該問題列入，僅在日前Ｇ８外長會議總結文書中指出，東亞地區仍存不穩定因素，所有問題均應以和平方式解決，其關注程度實有不足，本部深表遺憾。本部願再次強調，我國與各國進行區域合作，共同維護區域安全之決心及意願從未改變，同時我政府將繼續秉持善意及誠意，致力改善兩岸關係，期以和平方式解決兩岸問題。希望Ｇ８各國領袖亦能正視台海安定與區域安全之重要關聯，支持以和平、理性方式解決兩岸歧異之立場，攜手共為亞太地區乃至世界之永久和平與繁榮而努力。 （E）"
"62","        關於本（廿三）日國內某媒體刊登之選舉廣告，以不實數據指控本部推動與巴布亞紐幾內亞建交乙事，本部深感遺憾並表達強烈不滿。

該篇廣告誣指外交部以廿三億美元換得巴布亞紐幾內亞邦交乙事，非僅與事實不符，且毫無根據，完全杜撰。本部曾多次透過媒體予以澄清，如今卻因選戰又被不實廣告無端誣指，此種為求勝選不擇手段之作法，誠令人遺憾。"
"63","        針對中共國務院昨(廿一)日所發表之「一個中國的原則與台灣問題白皮書」中，有關我國外交部分之不實言論，本部評論如下：

眾所週知，兩岸自一九四九年以來即隔海分治，中華民國政府為了台灣地區兩千兩百萬人民的生存與發展，推動務實外交，乃天經地義之事。中共指稱我推動務實外交、擴大國際生存空間是為製造「兩個中國」或「一中一台」乙節，我們認為此種說法與事實完全不符。中華民國自一九一二年以來一直是一主權獨立國家，當然有權利與世界各國建立外交關係，積極參與國際組織與活動。我們認為，兩岸應充分發展國際關係與參與國際社會，並藉由交流對話，建立互信，而後相互合作，彼此扶持，才能為營造未來中國的和平與民主統一奠定基礎，共同為國際社會做出貢獻。

我們希望中共能正視兩岸自一九四九年以來即隔海分治、互不隸屬的事實，放棄在國際間對我之種種打壓行動與軍事恫嚇，方能有助於兩岸的良性互動以及亞太地區的和平與穩定。 （E）"
"64","中華民國政府與帛琉共和國政府依照國際法原則，尤其是關於國家平等、相互尊重主權及互惠之原則，為加強兩國之友好及合作關係，爰經決定自1999年12月29日起建立全面外交關係。我國將在帛琉共和國首都科羅（Koror）設立大使館。 帛琉位於密克羅尼西海域之西南方，菲律賓與關島間之太平洋主要航線上，陸地面積約487平方公里，人口約1萬8千人。帛琉經濟海域達213萬平方公里，為一豐富漁場。該地於第二次世界大戰後由聯合國授權美國託管，1993年經公民投票通過與美國簽署「自由聯合協定」，1994年10月1日正式獨立，同年12月成為聯合國會員。 帛琉長期以來與我國關係即相當良好，我國於1984年12月與帛琉簽有「技術合作協定」，並自1985年5月起派遣農技團赴帛琉協助其發展農業及漁畜養殖；目前我有小型漁船在帛國海域進行漁撈合作。帛琉觀光資源豐富，我前往帛琉觀光之旅客自1993年之4千餘人增為1997年之3萬1千餘人，居各國之冠，但上年降為1萬8千餘人。我國交通部林部長豐正與帛琉共和國商務貿易部鐵吉東部長於本（88）年12月2日簽署中帛雙邊空運協定，對促進中、帛兩國間之交流裨益良多。貿易方面，上年中、帛雙邊貿易額達1500餘萬美元，我自帛琉進口額為4萬餘美元，我享有巨額順差。此外，我民間業者赴帛國考察投資者日眾，目前較受矚目者為宏國建設集團及中華開發投資信託公司在旅館業方面之投資。 積極爭取邦交、拓展國際活動空間乃我國為求國際生存與發展所必需。我們今後仍將繼續推動經濟發展、民主憲政及各項革新，以厚植我國國力，同時希望我們朝野能團結一致，結合政府與民間資源，共同拓展更寬廣之國際空間，以確保我國在國際社會的權益及全民的福祉。（E）"
"65","        中華民國在歐洲的友邦馬其頓共和國於本﹙八十八﹚年十月卅一日舉行總統選舉第一回合投票，因無人獲半數以上選票，由代表社會民主聯盟之培特克夫斯基及內部革命黨之特拉伊克夫斯基二位候選人進入第二回合選舉。馬其頓共和國此次總統大選是一次非常成功的民主示範，充分展現民主政治在巴爾幹地區已生根茁壯，中華民國政府及全體國人除恭賀馬其頓共和國政府及人民外，也對參與第一回合選舉之所有候選人表達崇高的敬意。

中馬兩國在本年元月建立正式外交關係以來，於各領域間合作關係進展迅速，在經濟合作方面的表現尤其突出，兩國政府對此表示高度滿意，各種經濟合作更直接嘉惠雙方民眾與產業。本年八月史高比耶加工出口區正式動土，預估包括我國投資在內之總投資額在未來一年可達一億美元。另外，中華民國政府亦提供馬其頓政府貸款，以協助推動國宅興建計畫。上（十）月中華民國駐馬其頓共和國公使鄭博久與馬其頓共和國發展部長達內芙斯卡簽署「十項基礎建設」協定，預期將對馬其頓運輸、通訊、供水及教育等多方面之基礎建設有所改善。上述計畫僅是中馬兩國間現正推動的數十項合作計畫中之三項，但這些計畫的如期推動充分顯現中馬兩國持續加強並增長彼此間夥伴關係之誠意。

中馬兩國未來將在現有之堅實基礎上繼續攜手前進，我們有信心隨著各項合作計畫的按部就班開展及落實，兩國民眾將能在最短期間內享受到豐碩的合作成果。 （E）"
"66","           針對本（十一）日舉行之柯江會談，本部做出以下五點說明：

（一）針對此次紐西蘭柯江會談，本部胡部長及李政務次長與各相關司處同仁均密切注意整體情勢發展，其結果與我預期並無差距，美國對台海之既定政策並無改變。中共企圖對美方施壓以獲讓步之計謀並未得逞，中共充分展現霸權心態，以武力相脅，打壓我國際空間之態度並未改變。

（二）就中共與美方指出我「特殊國與國關係」之宣示，造成美與中共關係困難及台海關係緊張乙節，我們認為，在中共「一個中國三段論」政策無限延伸下，使我在國際之生存發展遭受極大困難，總統提出「特殊國與國關係」，目的即在走出國際社會，讓兩千兩百萬人之聲音為國際聽聞。此外，中共所稱「特殊國與國關係」不為台灣人民所接受乙節，則與事實不符，根據陸委會公佈之統計資料顯示，有近七成八之台灣民眾支持此一立場。

（三）有關兩岸協商部份，我歡迎汪道涵來台訪問，過去我方代表往訪大陸，均未提任何先決條件，因此，我盼汪道涵來訪，亦不應預設先決條件。

（四）加入ＷＴＯ為我政府努力之目標，我反對我之入會與中共入會相連結，惟至盼我與中共均能於年底前完成入會。

（五）我方特別注意到江澤民表示愛好和平不喜戰爭，此與我追求台海和平安定之一貫立場實無二致。我盼中共勿以霸道處理兩岸關係，並以武力相威脅，盼兩岸儘速恢復良性互動，彼此關係獲得改善。（E）"
"67","        近來馬來西亞非法侵佔我南沙群島之榆亞暗沙（Investigator Shoal）及簸箕礁（Erica Reef），且菲律賓將具有主權爭議之黃岩島（Scarborough Shoal）納入其版圖。為此，中華民國政府向馬、菲兩國政府提出抗議並重申南海主權立場如下：
        南沙群島一如西沙群島、中沙群島及東沙群島，無論就法理、歷史、地理及事實，均為中華民國領土之一部份，其主權屬於中華民國，不容置疑。任何國家或團體，不得以任何理由主張或佔據此等島嶼。

南海為中華民國之水域，中華民國擁有一切權益，在南海地區之任何活動（包括討論共同合作開發或簽署共同行為準則等）均應經中華民國政府同意。

中華民國政府重申上述立場，並強調中華民國權益絕非區域間任何雙邊協定或東協區域論壇等組織之片面決議所能改變。（E）"
"68","         由於南斯拉夫聯邦米洛塞維奇政權拒絕以和平方式解決科索沃問題，北約組織為預防巴爾幹不穩定情勢繼續擴散，自本月廿四日起對南斯拉夫聯邦採取空中攻擊行動，鑒於此一發展對我友邦馬其頓共和國之安全與穩定已形成威脅，中華民國政府對此特別表達嚴重關切之意，對於以美國、英國、法國、德國、義大利為主之北約國家基於人道立場，以及為維護巴爾幹及歐洲地區之整體安全及和平所採取之預防性措施，中華民國政府表示理解與支持，惟同時亦呼籲相關國家能自我克制，勿將衝突範圍繼續擴大至其他國家。中華民國政府盼相關國家能儘速回歸本年二月巴黎會議所設計之路線，以和平方式解決當前爭端。
        為善盡其作為國際成員一份子之責任，中華民國政府已決定提供兩百萬美元之人道援助，以幫助我友邦馬其頓共和國因應大量湧入之阿爾巴尼亞裔難民所衍生之各項問題，同時我亦呼籲世界各國及相關國際組織能提供類似援助，共同為巴爾幹之和平盡力。

作為一個堅持民主、人權、和平等理念之國家，中x華民國深切瞭解包括科索沃在內之巴爾幹地區之繁榮與穩定，與歐洲整體和平與安全息息相關，故對聯合國、北約、歐聯及其他國際組織為和平解決科索沃問題所作的相關努力及措施，基本上抱持肯定態度。同時我方亦認為月前巴黎會議所提出之相關方案，應對當前愈演愈烈的科索沃問題之緩和有所助益，值得吾人探討，相關國家及團體皆應以嚴肅及誠摯之態度，配合務實及負責之作為，共同為達致和平解決科索沃問題尋找出路。

據報導中共擬以聯合國安全理事會輪值主席身分緊急召開會議，以表達其對科索沃問題之關切，此與其日前無視巴爾幹和平之需要，悍然否決聯合國維和部隊繼續留駐馬其頓之舉動顯然前後不一，深盼相關國家能以巴爾幹人民之真正福祉為主要考量，以正面及負責之態度面對該地區之和平問題。（E）"
"69","        針對中共於台北時間二月廿六日清晨在聯合國安全理事會使用否決權阻止「聯預部隊」(UNPREDEP)延長留駐馬其頓乙事，中華民國外交部茲發表聲明如下：
一、中共無視世人對巴爾幹半島和平之希望，在聯合國悍然實施否決權，阻止「聯預部隊」延長留駐馬其頓，不僅使聯合國維持地區和平之努力與成果受到損害，並且充分顯示中共濫用權力，反對世界和平的霸權心態，讓世人為世界和平感到悲哀，並使聯合國蒙羞。

二、中華民國為一主權國家，中馬建交為兩個主權國家間行使外交權力之行為，並不針對第三國，亦不容他人干涉。對中共宣稱我拓展外交空間係「破壞」世界和平，而暗指馬其頓與我建交係助長此種行為，因而施予「懲罰」一節，中華民國斷然不能接受，此種說法也必然會受到世間絕大多數國家之排斥。

三、中華民國對聯合國、歐安會、北約、歐聯及其他國際組織為維護巴爾幹地區和平及穩定所作之努力給予肯定，並相信解決巴爾幹紛爭之最終手段，在於建立民主制度及經濟繁榮。中華民國將堅定持續推動與馬國分享彼此在民主改革與經濟發展之經驗與資源，相信中馬合作對促進馬國及巴爾幹地區之和平與穩定，應有最直接及根本之貢獻。此舉與世界各國經由聯合國及北約派駐馬其頓「維和部隊」消弭戰禍之目標一致，深盼中共能以理性、客觀看待中馬建交及聯合國派駐「維和部隊」事，並修正其立場及作法，不要繼續作出與世界各國在該一地區致力維護和平之努力背道而馳之舉措。 （E）"
"70","        約旦王國國王胡笙陛下不幸於本(八十八)年二月七日因病逝世，享年六十三歲，本部對此惡耗深感震驚與哀悼。
        胡笙國王治理約旦長達四十六年，在位期間勤政愛民，致力中東和平事業，並全力發展國內經濟建設，深受約旦人民愛戴。如今辭世，非但約國失去一位英明領袖，國際間亦喪失一位愛好和平之友人。

胡笙國王曾於民國四十八年專程來華訪問，對我國甚為友好，在位期間，中約兩國關係進展良好。對於胡笙國王陛下遽然逝世，中華民國政府特別感到哀傷與悼念。

胡笙國王已在上(一)月廿四日冊立其長子阿不都拉親王為王儲，胡笙國王去世後，阿不都拉王儲依法繼承大統。阿不都拉王儲過去曾三度訪華，對我相當友好，亦非常重視與我發展各項合作關係。相信阿不都拉王儲正式繼位後，中約兩國現有實質關係將繼續維持，更盼未來獲得進一步加強。（E）"
"71","         本（八十七）年十二月十日為「世界人權日」，也是聯合國大會通過「世界人權宣言」（Universal Declaration of Human Rights）的五十週年紀念日，外交部願意在這具有特別意義的紀念日對該宣言所楬櫫的人權精神及在世界各地奮鬥中之人權鬥士表達最誠摯的敬意。
        「世界人權宣言」是歷史上國際社會首次針對人權問題做了最為明確且廣泛的規範，激起了全人類對人權保護進一步追求的渴望，成為人類歷史文明的一項重要里程碑。受到該宣言的啟示，聯合國在一九六六年制定了「經濟社會文化國際盟約」及「公民及政治權利國際盟約」，目的在進一步闡明並執行宣言所揭示之各項人權精神，前者迄今已有一三七個締約國，後者則有一四○個締約國。該二盟約加上「公民及政治權利國際盟約」之任擇議定書與「世界人權宣言」合稱「國際人權憲章」（International Bill of Human Rights），為國際間最重要之人權典章。我國早在一九六七年即簽署該二盟約以及「公民及政治權利國際盟約」任擇議定書。由於中共之阻擾，我國自退出聯合國後始終不克如願參加晚近各項國際人權公約；雖然如此，中華民國政府秉持一向尊重人權的理念，仍努力將各項國際人權公約之有關規定經由國內立法的方式陸續予以實施。

值此聯合國大會通過「世界人權宣言」五十週年之際，作為國際社會成員之一，中華民國政府謹重申願意維護並遵循該宣言所楬示的各項原則。相信今後在全人類共同努力下，必能在下一世紀為世界人權之發展，獲致更進一步的成就。（E）"
"72","        中華民國政府與馬紹爾群島共和國政府基於平等互惠之原 則及發展兩國友好關係之共同意願，決定自一九九八年十一月二十日起建立正式外交關係，並簽署建交公報。我國將於近期內在馬紹爾群島首都馬友洛設立大使館。
        馬紹爾群島共和國位於太平洋之密克羅尼西亞東部海域，北緯五度至十五度、東經一六二度至一七三度之間，由三十四個島嶼、八七０個環礁組成，陸地面積一七一平方公里，經濟海域面積二百一十二萬平方公里。

馬紹爾群島共和國於一九八六年十月二十一日獨立，國體為總統制，總統係由下議院議員推選，政體為三權分立制。馬國於一九九一年十月成為聯合國會員國，一九九二年成為國際貨幣基金及世界銀行會員國，與美國、日本、斐濟等二十餘國建立外交關係。

馬紹爾群島共和國四周環海，漁業資源豐富，乃世界良好漁場之一；境內亦頗多天然觀光資源，對外海、空交通便利，為太平洋地區知名之觀光勝地。此外，馬國主要農產品有香蕉、椰乾、蔬果及家畜，亦有磷、天然氣、石油等礦產，甚具發展潛力。

馬紹爾群島共和國政治安定，社會秩序良好，國民教育普及，目前正致力開發農、漁及觀光等資源。中、馬建交後，雙方將展開農業、漁業、技術與觀光等方面之交流合作，相信在兩國政府充分支持，以及民間企業配合前往投資下﹐必可達成互惠互利之密切友好關係。（Ｅ）"
"73","        近來南海區域出現潛在衝突，中華民國政府再次重申對南海諸島嶼擁有毋庸置疑之主權，並呼籲爭端當事國自我克制，以和平方式尋求與其他南海諸島主權聲索國間共同開發合作，以免破壞歷來建立之互信與合作氣氛。（Ｅ）"
"74","        關於中共「外交部」發言人對本部　胡部長上月下旬訪問約旦，向約旦政府表示強烈抗議事，本部認為此舉顯示在第二次「辜汪會晤」後中共並未放棄打壓我外交生存空間，對此種蠻悍干涉我國與其他國家發展實質關係之舉動，本部深感遺憾及反感。當前中共不斷遊走我邦交國，試圖挖我牆角，破壞我與各該國之邦誼，卻見不得我與無邦交國發展互惠互利之實質關係，在在證明其霸權心態，非中華民國在台灣地區二千一百八十萬人民所能接受。
        本部茲強調，中華民國政府將持續與世界各國發展互惠互利之實質關係，此立場將不因中共不理性之抗議而改變。"
"75","        中華民國政府茲鄭重聲明自本年十一月二日起終止與東加王國之外交關係，同時中止中、東加兩國各項協定及合作關係，並召回駐東加王國大使。
       中華民國係於民國六十一年(一九七二年)四月與東加王國正式建立外交關係，六十四年六月在東加首都努瓜婁發設置大使館並派駐代辦，嗣於六十六年派駐大使，中華民國且以各種方式協助東加王國，包括派遣農技團等各項援助，充分顯示我對東加王國人民之友誼。

自上(八十六)年七月，東加國王杜包四世往訪中國大陸，東加王國政府罔顧信義，屈從中共之誘惑，決定與中共發展全面關係以來，雖經我邀請國王杜包四世於上年七月第八度及本(八十七)年七月第九度訪華，以及邀請大公主碧露麗富於本年十月再度訪華，再三勸阻，設法挽回無效後，中華民國政府基於國家主權立場，認為東加王國政府此一明顯意圖與舉措，已嚴重損害中華民國之國家利益，爰採取上述措施，以表達政府之嚴正立場。

近年來，我曾一百多次向中共呼籲兩岸應重開協商，最近並為營造辜汪會晤前和平氣氛而取銷軍事武力展示，以期創造互利互惠之雙贏局面。惟中共卻繼續玩弄兩面手法，一方面在國際間製造與我和談假象；另一方面在國際社會上變本加厲地打壓我國之生存空間，並以威脅利誘手段破壞我與友邦之外交關係。東加王國即係一例。大陸海協會常務副會長唐樹備雖曾於十月十五日否認在公元兩千年之前挖光我所有邦交國，卻在我海峽交流基金會辜董事長振甫於十月十四日訪問大陸前積極圖謀規劃在十九日訪問結束後一週內與我友邦東加王國建交，顯示中共言行不一，並無真正改善關係之善意與誠意。

中華民國政府與人民，自當以更堅定的決心及務實的態度，繼續拓展我生存與發展所必需之國際空間。（Ｅ）"
"76","        我國建築商根來建設股份有限公司，在未經巴拉圭共和國駐華大使館同意下，擅自使用含有巴國國徽之該大使館館牌圖樣在媒體廣告上，嚴重影響巴國政府及其駐華大使之形象及名譽。
外交部在巴國大使館對此事表示不滿及抗議後，立即於本（四）月二十四日去函根來建設股份有限公司，請其從速收回並銷毀印有上述廣告之銷售傳單並向巴國使館登報致歉。外交部此舉並另分別通知巴國駐華大使館、陳重禧、盧木火聯合建築師事務所及孫子兵法廣告公司。

巴國大使館嗣於四月二十七日再度函知外交部表示，根來建建設股份有限公司又再度刊登該廣告，該館爰除要求該公司撤銷廣告、登報道歉及金錢賠償外並請我政府撤銷該公司之營業執照。外交部乃於四月卅日函請公平交易委員會，就上述巴國大使館之請，採取必要法律行動。

外交部已於本（三十）日通知巴國大使館，根來建設股份有限公司已於本日在中央日報刊登道歉啟事，巴國大使館另表示希望此一道歉啟事應併在本地英文報刊全版刊出。

就卅日晚報登出巴國大使瓦第斯(VALDEZ)求償兩億元事，瓦第斯大使表示，絕無此事，倘渠提出索賠，將會尋求外交部條法司協助。（Ｅ）"
"77","        中華民國外交部對於幾內亞比索共和國於本（八十七）年四月廿三日與中共簽署所謂「復交」聯合公報，特發表聲明如下：
中華民國政府對幾內亞比索罔顧兩國友誼，屈從中共利誘，與中共「復交」，深表遺憾，除已訓令我駐幾內亞比索翁大使廷龍向幾內亞比索政府提出強烈抗議之外，並決定自即日起中止我與幾內亞比索外交關係，暨停止兩國間一切合作。
中華民國於一九九○年幾內亞比索進行民主化之際，與幾內亞比索建立外交關係，在幾內亞比索最艱困之時期，提供其各種援助，對幾內亞比索民主化有極大之貢獻。原期盼幾內亞比索逐步邁向民主大道，共同為兩國人民尋求最大福祉。然幾內亞比索為爭取中共財援，以紓解其長期以來之財政困境與外債負擔，因而屈從中共，改變對我關係，實令親者痛、仇者快。

目前，中共當局一方面表示善意，歡迎我「財團法人海峽交流基金會」與其「海峽兩岸關係協會」重開協商，另一方面卻在玩弄「兩面手法」利誘我國友邦，破壞兩岸和諧氣氛，勢對未來兩岸良性互動造成負面影響。對中共此種刻意傷害兩岸人民感情之作法，中華民國政府提出最強烈之譴責。

中共對我外交上之打壓始終未曾稍戢，我對中共實不應存有任何幻想。今後我政府仍將基於我人民生存發展所需，繼續積極拓展對外關係，此一堅定立場與決心絕不動搖。（Ｅ）"
"78","        聯合晚報昨（三﹚日報導，國際貨幣基金（ＩＭＦ﹚執行長康德蘇就傳言我擬藉濟助亞洲國家渡過金融危機之方式尋求加入ＩＭＦ一事，曾表示，「ＩＭＦ的會員是非賣品」。就此，本部鄭重聲明，中華民國政府願貢獻一己力量，與相關各方共同合作，以紓解亞洲金融危機，此乃係基於善盡國際社會成員義務的一貫理念，中華民國政府從來無意、將來也不會以任何方式「購買任何國際組織的會籍」。本部並已電示我駐美代表陳錫蕃致函康德蘇執行長嚴正說明我國立場。"
"79","        中華民國外交部對於中非共和國於本（八十七）年元月廿九日與中共簽署所謂「復交」聯合公報，特發表聲明如下：中華民國政府對於中非政府昧於國際時勢，罔顧兩國友誼，屈從中共要脅利誘，深表遺憾，爰決定自即日起中止與中非外交關係，並停止兩國間一切合作。
        中華民國於一九九一年七月八日與當時實施多黨政治之中非共和國恢復外交關係，除派駐農技團及醫療團外，並在能力範圍內提供各種援助；多年來兩國保持密切合作之友好邦誼。然中非政府財政日漸惡化，積欠軍、公、教人員數月薪資，軍人為求政府發放欠薪，接連於一九九六年四月、五月與十一月發生三次兵變，全賴由非洲六國組成、並經聯合國安理會決議授權之聯合部隊駐紮中非，維持秩序與和平。我大使館、農醫團人員在美國、德國陸續撤離大使館之情形下仍堅守崗位，陪同中非朝野上下共渡該一艱難時刻，贏得讚譽。

中共駐聯合國常任代表秦華孫於一九九七年十月底以安理會十一月份輪值主席身分率中共外交部官員赴中非，以考察非洲維和部隊任務執行情形為掩飾，勾引利誘中非；當時中華民國外交部曾立即派遣鄭次長文華赴中非晉見巴達塞總統，一方面剴切說明中共陰謀，另一方面重申中華民國珍惜與中非邦誼及繼續加強兩國間各項合作計畫之誠意。惜中非政府基於內外政經壓力，企盼以外交關係換取鉅額財援，終而決定改變對中華民國之關係。

中共在國際間打壓中華民國地位、破壞中華民國與其友邦之關係無所不用其極；尤其中共挾其在聯合國安理會之常任理事國地位對中華民國友邦要脅、恐嚇與勒索，再進而配合利誘等方式，終其目的乃在壓縮中華民國外交生存空間。實則聯合國憲章中明白揭櫫維持世界和平為其基本任務之一，中共如否決聯合國和平部隊續駐我國某一友邦勢將遭其他會員國唾棄，然而中非總統卻誤判情勢，先屈從中共之要脅，復接受中共之利誘，令人惋惜。殊不知中華民國一旦撤離中非，中共之承諾未必可全部兌現。

中華民國政府對中共此種刻意傷害兩岸人民感情之作法提出最強烈之譴責；中華民國並重申基於其人民生存發展所需，將繼續積極拓展對外關係，此一堅定立場與決心，絕不動搖。（Ｅ）"
"80","連副總統伉儷利用新年元旦假期偕同家人及親友赴新加坡休假從事四天之訪問，預定元月四日返國。（E）"
"81","        由於伊拉克拒絕接受聯合國安理會於本（十一）月十二日通過之第一一三七號決議案，並勒令美籍武檢小組人員離境，且再度揚言將擊落飛越伊國領空之美高空偵查機，而美、英兩國亦正陸續增派軍力前往波斯灣，使得該地區緊張情勢節節升高。我駐該地區之代表機構已依照本部指示擬就保僑護僑應變計畫，並與當地僑民保持密切聯繫。
目前據外電報導，該地區立即發生大規模軍事衝突之可能性不大，惟基於安全考慮，本部建議國人非因必要暫勿前往該地區旅遊，若仍擬前往，請透過本部先與我駐處取得聯繫。（E）"
"82","        美國柯林頓總統與中共「國家主席」江澤民於十月二十八與二十九兩日在華府舉行會談之後，雙方舉行記者會並發表共同聲明，其中與我有關部份美方均係重申以往一貫立場，經多次向我說明，亦符合美方多次向我所作保證。我對美方堅守立場表示肯定，並對柯林頓總統在民主、自由與人權方面之執著，表示欽佩。
       中華民國政府認為美國與中共間之高層交往，若有助於台海及亞太地區和平穩定，並能催化中國大陸之改革開放及民主人權發展，自為我所樂見。惟「柯江會談」亦可能代表美國與中共持續加強高層對話與全面交往，政府自當密切注意其未來走向，嚴防中共利用與美國改善關係之機會，侵犯我國權益。

美國政府既然重視自由、民主與人權，就應確實瞭解台海問題正是攸關自由、民主與人權之課題。我們必須強調：美國與中共改善關係，絕不可以傷害我國及任何其它地區的自由、民主與人權。

美國與中共加強往來，不應對中美關係造成任何負面影響，更必須採具體行動平行加強與我關係，才會對台海局勢之安定與民主人權之發展，有真正的貢獻。

中華民國亦將全力落實中美互惠合作，加強推動務實外交，促進兩岸良性互動，以進一步促進亞太區域之和平與繁榮。（E）"
"83","        據法新社本（十）月十三日轉載薩摩亞 Sunday Newsline報報導引述：有關薩方指稱我金援該國反政府組織 Tumua ma Pule壹百萬薩幣舉行反政府遊行事，純屬捏造虛構，絕非事實。中華民國政府立場絕不介入他國之內政或提供政治性捐款。上述報導完全沒有任何事實根據。法新社未經向我政府查證，即遽作報導，有失新聞公正立場。"
"84","        關於十四日及本（十七）日媒體報導，「日本青年社」成員三人於六月十一日無視警告，擅自登陸釣魚台列嶼之北小島，調查先前建立之燈塔及攝影等；另揚言該社明年將再登陸釣魚台，並架設另一座燈塔及建造一間房舍；甚至表示，將派其成員長駐島上，以便定期維修燈塔等語事，本部除均已電飭駐日本代表處即向日方嚴正抗議交涉並重申我對釣魚台列嶼主權立場外，中華民國政府對於日本部分民間人士尤其「日本青年社」再次對我國領土釣魚台列嶼所作之不當言論及挑釁行為嚴加譴責。切盼日本政府務必採取有效措施，約束並制止其國人今後再發生類似情事，以免引致中日間不必要之紛爭，影響兩國關係與地區之和平穩定。（E）"
"85","中華民國外交部就南海主權問題重申我國立場如下：

我政府長久以來即不斷聲明南沙群島為我國領土不可分割之一部份。

據悉，近來若干南海爭端國家為拉攏中共參與南海領土問題之多邊協議，考慮將我國排除於協商之外。

我政府認為該意圖極為不當且不能接受，因此呼籲有關國家應全力避免採取上述行動，以免引起怨隙，徒增地區情勢之複雜性。

我國一向主張以和平方式解決南海領土爭端，並堅決反對任何可能損害南海地區和平、穩定與安全之對立行動。（E）"
"86","        中華民國政府針對菲律賓政府在其所謂「卡拉揚群島」（Kalayaan Islands）舉行村長選舉事，茲嚴正聲明如下：

        中沙、西沙、東沙及南沙等群島（包含菲律賓所稱之「卡拉揚群島」）均為中華民國領土不可分割之一部分，中華民國政府已於各種不同場合再三重申對南海上述諸群島之主權。任何國家或人民團體均不得以任何藉口聲索或佔領上述島嶼。

        中華民國政府信守和平解決國際紛爭之原則，惟必須重申上述之堅定立場，強調中華民國對南海諸島之主權，包括各項權益，絕不因其他任何國家之任何舉措而有所改變。（E）"
"87","        針對外電報導中共「外交部發言人」日前表示：「由於台灣是中國不可分割的一部分，對於台灣在核廢料處理所遇到的問題，中國大陸願意提供幫助」乙節，本部茲鄭重聲明：中華民國自一九一二年肇建以來，即為一具有獨立主權之國家，雖因政府播遷來台轄區有所改變，但國祚從未中斷。當前海峽兩岸隔海分治，各為對等政治實體，且中共治權從無一日及於台、澎、金、馬地區係一無可否認之事實。中華民國絕非中共管轄下之一部分，中共此種昧於現實，妄稱代表全中國之謬論，中華民國政府絕對不能接受。（E）"
"88","        關於日本國會議員下地幹郎一行四人，於五月十八日搭乘直昇機前往釣魚台列嶼進行空中視察事，本部除已訓令駐日代表處即向日本政府提出嚴重抗議，並重申政府對釣魚台列嶼之主權主張與立場外，中華民國政府對於日本政府未能有效制止其國人迭次侵犯挑釁我國主權之行為至為不滿。日方雖屢次在我釣魚台列嶼製造事端，並無法改變中華民國擁有釣魚台主權之事實，切盼日本政府知所節制，並有效約束及制止今後再度發生類似事件，以免事態擴大，影響兩國友好關係及區域穩定和平。（E）"
"89","        中華民國政府茲鄭重聲明自即日起終止與巴哈馬之外交關係，同時中止中巴兩國各項協定及合作關係，並召回駐巴哈馬大使。

        中華民國係於民國七十八（一九八九）年與巴哈馬正式建立外交關係，同年五月在巴哈馬首都拿索設置大使館並派駐大使，中華民國且以不同方式協助巴國，包括派遣農技團及手工藝團等各項援助，充分顯示我對巴國人民之友誼。

         近年來，巴哈馬政府罔顧信義，屈從中共之誘惑，頻與中共接觸，並擬近期內與中共發展全面關係，經我派員前往再三勸阻無效，中華民國政府基於國家主權立場，認為巴哈馬政府此一明顯意圖與舉措，已嚴重損害中華民國之國家利益，爰主動採取上述斷然措施，以表達政府之嚴正立場。

         近年來，中共在國際事務上對我之打壓，不僅未曾稍戢，反日益加劇，面對此一情勢，中華民國政府及人民自當以更堅定之立場，秉持信念，繼續以積極、堅毅、務實之態度，拓展我生存與發展所必需之國際空間。（E）"
"90","        中共新華社日前播出發表評論文章，誣指我政府從事「金錢外交」，嚴重混淆國際視聽，外交部茲嚴正聲明如下：

中華民國作為一個具有獨立主權之國家，當然有權依平等互惠及獨立自主之原則，敦睦邦交，擴展國際空間。此項權利之行使實天經地義，不容置疑。

在當前協商合作之國際潮流下，國際社會成員均有責任貢獻一已之力，協助增進開發中國家之進步發展，以共同建構一和平穩定之國際社會。中華民國在徹底實現民主政治及充分發展經濟之後，基於「人飢已飢」之人道精神及回饋國際社會之意願與能力，對需要援助之友邦提供各項技術合作及人道救助，與之分享經濟成長之成功經驗，是克盡國際社會成員應盡之義務，我們期盼有更大能力，在國際社會扮演更積極正面之角色，此種扶弱濟傾之作為，不容顛倒是非而被誣指為推動所謂「金錢外交」。反觀中共近年來在國際社會，尤其在非洲及中南美洲地區，砸下鉅額金錢，並假藉其在聯合國安理會之威勢，對中華民國之友邦予取予求，其真正之意圖完全不在於協助此等國家，而旨在破壞中華民國之對外關係，此一蠻橫作風，實為「金錢外交」之始作俑者，終將遭致國際社會所唾棄，亦無助於兩岸關係之和平發展。

本部願藉此機會再次重申，中華民國政府推動外交工作，向來堂堂正正、光明磊落，嚴守分際，絕不介入他國國內政治活動。有關對美政治獻金之傳聞，與中華民國政府無涉，此點美方行政部門知之甚詳，業已一再表示了解。中共透過新華社散布謠言，指鹿為馬之惡毒行徑，旨在打擊中華民國之國際聲望，並企圖模楜焦點，轉移國際社會對中共推動「金錢外交」之注意，將為世人所不齒。（E）"
"91","        本部對加拿大政府自加國法院撤回擱置引渡法庭開釋我國籍「福明輪」涉案船員裁決之要求，並同意我船員返國接受我司法機關處理之決定表示肯定，並認為此一決定不僅符合國際法及國際慣例之規範，亦顯示加國對我國司法制度之尊重。

        我司法單位對本案之偵辦早在上月五月底即開始，並曾數次派遣檢察官赴加瞭解案情，顯見我政府早有公平偵辦本案之決心。本部亦透過適當管道，經與加方當局持續交涉，要求將本案人證速交我方。據瞭解，加方所關切者為司法正義之獲得伸張，我方亦曾就我國司法制度及本案可能之偵辦程序向加方說明，並表明我司法機關亦將審酌加方所提供之證物等，以求毋枉毋縱，維護司法正義。

        本部已著我駐加拿大代表處送達高雄地方法院檢察署傳訊「福明輪」涉案六名我國籍船員之傳票，內政部警政署刑事警察局亦將派遣四名警官赴加拿大陪同六名船員返國，以協助我檢察機關繼續偵辦本案。

        另據瞭解，加國檢方係為維護該國引渡法及相關判例適用之一貫性，而決定上訴，惟此乃加國內部事務。加方既已答允將涉案人證均交我方，故本案就我而言，已為一我可行使專屬管轄權之司法案件，當不受加方任何國內司法程序之影響。（E）"
"92","中華民國政府對加拿大諾瓦斯科西亞省高等法院當庭釋放福明輪上六名我國籍船員之裁決表示肯定與欣慰，並籲請加國司法部長同意是項裁決所表達之見解，儘速將我國籍船員及一應物證交由我國司法機關處理。"
"93","        鄧小平之去世甫獲證實，對於大陸政治情勢以及未來可能發展，我正予以密切注意，亦有必要之因應方案，不過我們仍盼中共領導階層能持續鄧小平之經濟開放政策外，也能順應世界民主潮流，增進中國大陸之社會安定及人民福祉，更盼中共當局以理性務實態度，正視兩岸分治，互為對等政治實體之事實，尊重台澎金馬地區二千一百四十萬人生存發展與參與國際活動之基本權利，使海峽兩岸在國際場合相互尊重及彼此合作，共同促進全中華民族之權益及未來之發展。（E）"
"94","        關於台電與北韓處理低放射性核廢料合約案，我政府認為係一項單純之商業行為，台電自始即以審慎負責態度評估有關本案之法律與安全等問題，經深入研析後，確認此項合約符合一切國際規範，包括國際公約及國際原子能總署（IAEA）之規定，且禁止核武擴散條約亦鼓勵區域合作以解決核能和平用途所產生之低放射性核廢料問題，台電與北韓之合約並明確規定各項作業應在符合雙方及國際相關法規下執行；此外，台電曾派員赴北韓實地勘察及蒐集其核能相關法規資訊，瞭解北韓已有十年以上小型核電廠運轉及核廢料處理經驗，且已具備低放射性核廢料最終處置安全管制能力、法規與機構，未來由美國、南北韓等國協議在北韓興建之新核能電廠運轉所產生之低放射性核廢料也將由北韓負責處理，顯示各國承認北韓之能力。國際原子能總署近且表示本案係商業合約，而此類核廢料放射性甚低，北韓應有能力處理。

    南韓方面對於台電與北韓間此項合約表示關切，我方亦曾循不同途徑一再向南韓表述我國立場，說明本案係一項合法合理之商業行為，務盼南韓能冷靜對待，勿將其複雜化，造成困擾，影響兩國關係。

   事實上，中韓兩國關係由於南韓於一九九二年罔顧雙方悠久邦誼，逕自承認中共而告中斷，我國人民對此一行徑，極不諒解，近年來雙方關係已有改善，兩國人民交流增加，南韓在雙邊貿易享有鉅額順差，我國亦一向關切韓半島情勢與和平，因此希望南韓當局能理性看待台電此一國際商業合約，不應干預我與北韓兩國之雙邊事務，以免再度傷害南韓與我國之關係。（E）"
"95","        瓜地馬拉共和國歷經三十六年內戰，犧牲無數生命，國家建設遭受嚴重損害，玆在阿爾蘇總統睿智領導，全國人民堅定支持，以及聯合國與瓜國友邦協助下，終於達致和平。去年十二月二十九日瓜國政府與反叛軍簽署和平協定，瓜地馬拉舉國騰歡，世界各國亦同申慶賀。

    為完成和平後復員，瓜國需要聯合國派遣維和觀察團前往執行監督工作，此項提案，卻因中共所持矮化中華民國之僵硬、無理立場，並企圖藉以破壞中瓜友誼，對瓜地馬拉政府進行政治勒索未遂，無視全球追求和平之潮流與願望，竟悍然在聯合國安全理事會中予以否決。

    中共此一濫用否決權之非理性、蠻橫行為，不僅罔顧瓜國人民福祉，漠視中美洲地區整體之和平，阻擾聯合國執行維護世界和平之神聖任務，更充分暴露其邪惡之霸權心態，中華民國政府爰呼籲所有愛好和平國家予以同聲譴責。

    中瓜兩國均係主權國家，基於共同之理念，雙方具有四十年之傳統邦誼，兩國合作關係至為密切，中華民國向來崇尚民主愛好和平，並始終支持瓜國謀求和平之努力，瓜政府邀我派員參加和平協定簽署儀式極為正當；中共卻以此杯葛瓜地馬拉政府，顯已嚴重干涉瓜國內政，並違反國際慣例，我們對瓜地馬拉共和國堅守原則，不畏威脅，忠於中瓜多年傳統友誼，維護正義之主權行為，表示無限敬佩與支持。我對瓜地馬拉政府及人民之誠摯友誼至為珍惜，今後除進一步加強雙方傳統友好合作關係外，由於瓜國所面臨之新情勢，我基於道義，將更積極支持瓜國之戰後重建，同時籲請瓜地馬拉其他友邦及國際組織共同協助瓜國順利完成和平復員工作。（E）"
